Workbook
Name __xleta.FILTER: #NAME?
Name capeg: #REF!
Name capeg: #REF!
Name pkwtlap: #REF!
Name pkwtlap: #REF!

Sheet A
A2: JENIS KELAMIN
A3: NO | B3: JENIS KELAMIN | C3: JUMLAH
A4: 1 | B4: LAKI LAKI | C4: =COUNTIFS(Database!AB5:AB376,"laki-laki") -> 347
A5: 2 | B5: PEREMPUAN | C5: =COUNTIFS(Database!AB5:AB378,"Perempuan") -> 25
B6: TOTAL | C6: =SUM(C4:C5) -> 372
A9: Berdasarkan Jumlah Karyawan
A10: No | B10: Penempatan | C10: Golongan | G10: Jumlah
C11: Direksi | D11: Organik INKA | E11: IMSS Tetap | F11: PKWT
A12: 1 | B12: Kantor Salak | C12: =COUNTIFS(Database!$M$5:$M$376,"Direksi",Database!$U$5:$U$376,"IMSS") -> 0 | D12: =COUNTIFS(Database!$M$5:$M$376,"ORGANIK",Database!$U$5:$U$376,"IMSS") -> 0 | E12: =COUNTIFS(Database!$M$5:$M$376,"TETAP",Database!$U$5:$U$376,"IMSS") -> 0 | F12: =COUNTIFS(Database!$M$5:$M$376,"PKWT",Database!$U$5:$U$376,"IMSS") -> 31 | G12: =SUM(C12:F12) -> 31
A13: 2 | B13: GUDANG | C13: =COUNTIFS(Database!$M$5:$M$376,"Direksi",Database!$U$5:$U$376,"GUDANG") -> 0 | D13: =COUNTIFS(Database!$M$5:$M$376,"ORGANIK",Database!$U$5:$U$376,"GUDANG") -> 0 | E13: =COUNTIFS(Database!$M$5:$M$376,"TETAP",Database!$U$5:$U$376,"GUDANG") -> 0 | F13: =COUNTIFS(Database!$M$5:$M$376,"PKWT",Database!$U$5:$U$376,"GUDANG") -> 1 | G13: =SUM(C13:F13) -> 1
A14: 3 | B14: INKA | C14: =COUNTIFS(Database!$M$5:$M$376,"Direksi",Database!$U$5:$U$376,"INKA") -> 0 | D14: =COUNTIFS(Database!$M$5:$M$376,"ORGANIK",Database!$U$5:$U$376,"INKA") -> 0 | E14: =COUNTIFS(Database!$M$5:$M$376,"TETAP",Database!$U$5:$U$376,"INKA") -> 0 | F14: =COUNTIFS(Database!$M$5:$M$376,"PKWT",Database!$U$5:$U$376,"INKA") -> 58 | G14: =SUM(C14:F14) -> 58
A15: 4 | B15: MRO | C15: =COUNTIFS(Database!$M$5:$M$376,"Direksi",Database!$U$5:$U$376,"MRO") -> 0 | D15: =COUNTIFS(Database!$M$5:$M$376,"ORGANIK",Database!$U$5:$U$376,"MRO") -> 0 | E15: =COUNTIFS(Database!$M$5:$M$376,"TETAP",Database!$U$5:$U$376,"MRO") -> 0 | F15: =COUNTIFS(Database!$M$5:$M$376,"PKWT",Database!$U$5:$U$376,"MRO") -> 0 | G15: =SUM(C15:F15) -> 0
A16: 5 | B16: PMU | C16: =COUNTIFS(Database!$M$5:$M$376,"Direksi",Database!$U$5:$U$376,"PMU") -> 0 | D16: =COUNTIFS(Database!$M$5:$M$376,"ORGANIK",Database!$U$5:$U$376,"PMU") -> 0 | E16: =COUNTIFS(Database!$M$5:$M$376,"TETAP",Database!$U$5:$U$376,"PMU") -> 0 | F16: =COUNTIFS(Database!$M$5:$M$376,"PKWT",Database!$U$5:$U$376,"PMU") -> 0 | G16: =SUM(C16:F16) -> 0
A17: 6 | B17: Bandung | C17: =COUNTIFS(Database!$M$5:$M$376,"Direksi",Database!$U$5:$U$376,"BANDUNG") -> 0 | D17: =COUNTIFS(Database!$M$5:$M$376,"ORGANIK",Database!$U$5:$U$376,"BANDUNG") -> 0 | E17: =COUNTIFS(Database!$M$5:$M$376,"TETAP",Database!$U$5:$U$376,"BANDUNG") -> 0 | F17: =COUNTIFS(Database!$M$5:$M$376,"PKWT",Database!$U$5:$U$376,"BANDUNG") -> 7 | G17: =SUM(C17:F17) -> 7
A18: 7 | B18: Aceh | C18: =COUNTIFS(Database!$M$5:$M$376,"Direksi",Database!$U$5:$U$376,"ACEH") -> 0 | D18: =COUNTIFS(Database!$M$5:$M$376,"ORGANIK",Database!$U$5:$U$376,"ACEH") -> 0 | E18: =COUNTIFS(Database!$M$5:$M$376,"TETAP",Database!$U$5:$U$376,"ACEH") -> 0 | F18: =COUNTIFS(Database!$M$5:$M$376,"PKWT",Database!$U$5:$U$376,"ACEH") -> 3 | G18: =SUM(C18:F18) -> 3
A19: 8 | B19: Makassar | C19: =COUNTIFS(Database!$M$5:$M$376,"Direksi",Database!$U$5:$U$376,"MAKASSAR") -> 0 | D19: =COUNTIFS(Database!$M$5:$M$376,"ORGANIK",Database!$U$5:$U$376,"MAKASSAR") -> 0 | E19: =COUNTIFS(Database!$M$5:$M$376,"TETAP",Database!$U$5:$U$376,"MAKASSAR") -> 0 | F19: =COUNTIFS(Database!$M$5:$M$376,"PKWT",Database!$U$5:$U$376,"MAKASSAR") -> 6 | G19: =SUM(C19:F19) -> 6
A20: 9 | B20: Klaten | C20: =COUNTIFS(Database!$M$5:$M$376,"Direksi",Database!$U$5:$U$376,"KLATEN") -> 0 | D20: =COUNTIFS(Database!$M$5:$M$376,"ORGANIK",Database!$U$5:$U$376,"KLATEN") -> 0 | E20: =COUNTIFS(Database!$M$5:$M$376,"TETAP",Database!$U$5:$U$376,"KLATEN") -> 0 | F20: =COUNTIFS(Database!$M$5:$M$376,"PKWT",Database!$U$5:$U$376,"KLATEN") -> 39 | G20: =SUM(C20:F20) -> 39
A21: 10 | B21: Jakarta | C21: =COUNTIFS(Database!$M$5:$M$376,"Direksi",Database!$U$5:$U$376,"JAKARTA") -> 0 | D21: =COUNTIFS(Database!$M$5:$M$376,"ORGANIK",Database!$U$5:$U$376,"JAKARTA") -> 0 | E21: =COUNTIFS(Database!$M$5:$M$376,"TETAP",Database!$U$5:$U$376,"JAKARTA") -> 0 | F21: =COUNTIFS(Database!$M$5:$M$376,"PKWT",Database!$U$5:$U$376,"JAKARTA") -> 89 | G21: =SUM(C21:F21) -> 89
A22: 11 | B22: Palembang | C22: =COUNTIFS(Database!$M$5:$M$376,"Direksi",Database!$U$5:$U$376,"PALEMBANG") -> 0 | D22: =COUNTIFS(Database!$M$5:$M$376,"ORGANIK",Database!$U$5:$U$376,"PALEMBANG") -> 0 | E22: =COUNTIFS(Database!$M$5:$M$376,"TETAP",Database!$U$5:$U$376,"PALEMBANG") -> 0 | F22: =COUNTIFS(Database!$M$5:$M$376,"PKWT",Database!$U$5:$U$376,"PALEMBANG") -> 32 | G22: =SUM(C22:F22) -> 32
A23: 12 | B23: Padang | C23: =COUNTIFS(Database!$M$5:$M$376,"Direksi",Database!$U$5:$U$376,"PADANG") -> 0 | D23: =COUNTIFS(Database!$M$5:$M$376,"ORGANIK",Database!$U$5:$U$376,"PADANG") -> 0 | E23: =COUNTIFS(Database!$M$5:$M$376,"TETAP",Database!$U$5:$U$376,"PADANG") -> 0 | F23: =COUNTIFS(Database!$M$5:$M$376,"PKWT",Database!$U$5:$U$376,"PADANG") -> 0 | G23: =SUM(C23:F23) -> 0
A24: 13 | B24: Solo | C24: =COUNTIFS(Database!$M$5:$M$376,"Direksi",Database!$U$5:$U$376,"SOLO") -> 0 | D24: =COUNTIFS(Database!$M$5:$M$376,"ORGANIK",Database!$U$5:$U$376,"SOLO") -> 0 | E24: =COUNTIFS(Database!$M$5:$M$376,"TETAP",Database!$U$5:$U$376,"SOLO") -> 0 | F24: =COUNTIFS(Database!$M$5:$M$376,"PKWT",Database!$U$5:$U$376,"SOLO") -> 2 | G24: =SUM(C24:F24) -> 2
A25: 14 | B25: Purwodadi | C25: =COUNTIFS(Database!$M$5:$M$376,"Direksi",Database!$U$5:$U$376,"PURWODADI") -> 0 | D25: =COUNTIFS(Database!$M$5:$M$376,"ORGANIK",Database!$U$5:$U$376,"PURWODADI") -> 0 | E25: =COUNTIFS(Database!$M$5:$M$376,"TETAP",Database!$U$5:$U$376,"PURWODADI") -> 0 | F25: =COUNTIFS(Database!$M$5:$M$376,"PKWT",Database!$U$5:$U$376,"PURWODADI") -> 5 | G25: =SUM(C25:F25) -> 5
A26: 15 | B26: Lampung | C26: =COUNTIFS(Database!$M$5:$M$376,"Direksi",Database!$U$5:$U$376,"LAMPUNG") -> 0 | D26: =COUNTIFS(Database!$M$5:$M$376,"ORGANIK",Database!$U$5:$U$376,"LAMPUNG") -> 0 | E26: =COUNTIFS(Database!$M$5:$M$376,"TETAP",Database!$U$5:$U$376,"LAMPUNG") -> 0 | F26: =COUNTIFS(Database!$M$5:$M$376,"PKWT",Database!$U$5:$U$376,"LAMPUNG") -> 3 | G26: =SUM(C26:F26) -> 3
A27: 16 | B27: Medan | C27: =COUNTIFS(Database!$M$5:$M$376,"Direksi",Database!$U$5:$U$376,"MEDAN") -> 0 | D27: =COUNTIFS(Database!$M$5:$M$376,"ORGANIK",Database!$U$5:$U$376,"MEDAN") -> 0 | E27: =COUNTIFS(Database!$M$5:$M$376,"TETAP",Database!$U$5:$U$376,"MEDAN") -> 0 | F27: =COUNTIFS(Database!$M$5:$M$376,"PKWT",Database!$U$5:$U$376,"MEDAN") -> 2 | G27: =SUM(C27:F27) -> 2
A28: 17 | B28: Surabaya | C28: =COUNTIFS(Database!$M$5:$M$376,"Direksi",Database!$U$5:$U$376,"SURABAYA") -> 0 | D28: =COUNTIFS(Database!$M$5:$M$376,"ORGANIK",Database!$U$5:$U$376,"SURABAYA") -> 0 | E28: =COUNTIFS(Database!$M$5:$M$376,"TETAP",Database!$U$5:$U$376,"SURABAYA") -> 0 | F28: =COUNTIFS(Database!$M$5:$M$376,"PKWT",Database!$U$5:$U$376,"SURABAYA") -> 5 | G28: =SUM(C28:F28) -> 5
A29: 18 | B29: Banyuwangi | C29: =COUNTIFS(Database!$M$5:$M$376,"Direksi",Database!$U$5:$U$376,"BANYUWANGI") -> 0 | D29: =COUNTIFS(Database!$M$5:$M$376,"ORGANIK",Database!$U$5:$U$376,"BANYUWANGI") -> 0 | E29: =COUNTIFS(Database!$M$5:$M$376,"TETAP",Database!$U$5:$U$376,"BANYUWANGI") -> 0 | F29: =COUNTIFS(Database!$M$5:$M$376,"PKWT",Database!$U$5:$U$376,"BANYUWANGI") -> 4 | G29: =SUM(C29:F29) -> 4
A30: 19 | B30: Yogyakarta | C30: =COUNTIFS(Database!$M$5:$M$376,"Direksi",Database!$U$5:$U$376,"yogyakarta") -> 0 | D30: =COUNTIFS(Database!$M$5:$M$376,"ORGANIK",Database!$U$5:$U$376,"yogyakarta") -> 0 | E30: =COUNTIFS(Database!$M$5:$M$376,"TETAP",Database!$U$5:$U$376,"yogyakarta") -> 0 | F30: =COUNTIFS(Database!$M$5:$M$376,"PKWT",Database!$U$5:$U$376,"yogyakarta") -> 9 | G30: =SUM(C30:F30) -> 9
A31: TOTAL | C31: =SUM(C12:C30) -> 0 | D31: =SUM(D12:D30) -> 0 | E31: =SUM(E12:E30) -> 0 | F31: =SUM(F12:F30) -> 296 | G31: =SUM(G12:G30) -> 296
A34: No | B34: Proyek | C34: Golongan | F34: Jumlah
C35: Organik INKA | D35: IMSS Tetap | E35: PKWT
A36: 1 | B36: 5R | C36: =COUNTIFS(Database!$M$5:$M$376,"ORGANIK",Database!$W$5:$W$376,"5R") -> 0 | D36: =COUNTIFS(Database!$M$5:$M$376,"TETAP",Database!$W$5:$W$376,"5R") -> 0 | E36: =COUNTIFS(Database!$M$5:$M$376,"PKWT",Database!$W$5:$W$376,"5R") -> 0 | F36: =SUM(C36:E36) -> 0
A37: 2 | B37: AC | C37: =COUNTIFS(Database!$M$5:$M$376,"ORGANIK",Database!$W$5:$W$376,"AC") -> 0 | D37: =COUNTIFS(Database!$M$5:$M$376,"TETAP",Database!$W$5:$W$376,"AC") -> 0 | E37: =COUNTIFS(Database!$M$5:$M$376,"PKWT",Database!$W$5:$W$376,"AC") -> 0 | F37: =SUM(C37:E37) -> 0
A38: 3 | B38: Aftersales 612 Jogja | C38: =COUNTIFS(Database!$M$5:$M$376,"ORGANIK",Database!$W$5:$W$376,"Aftersales 612 Jogja") -> 0 | D38: =COUNTIFS(Database!$M$5:$M$376,"TETAP",Database!$W$5:$W$376,"Aftersales 612 Jogja") -> 0 | E38: =COUNTIFS(Database!$M$5:$M$376,"PKWT",Database!$W$5:$W$376,"Aftersales 612 Jogja") -> 0 | F38: =SUM(C38:E38) -> 0
A39: 4 | B39: Aftersales 612 Malang | C39: =COUNTIFS(Database!$M$5:$M$376,"ORGANIK",Database!$W$5:$W$376,"Aftersales 612 Malang") -> 0 | D39: =COUNTIFS(Database!$M$5:$M$376,"TETAP",Database!$W$5:$W$376,"Aftersales 612 Malang") -> 0 | E39: =COUNTIFS(Database!$M$5:$M$376,"PKWT",Database!$W$5:$W$376,"Aftersales 612 Malang") -> 0 | F39: =SUM(C39:E39) -> 0
A40: 5 | B40: Aftersales 612 Solo | C40: =COUNTIFS(Database!$M$5:$M$376,"ORGANIK",Database!$W$5:$W$376,"Aftersales 612 Solo") -> 0 | D40: =COUNTIFS(Database!$M$5:$M$376,"TETAP",Database!$W$5:$W$376,"Aftersales 612 Solo") -> 0 | E40: =COUNTIFS(Database!$M$5:$M$376,"PKWT",Database!$W$5:$W$376,"Aftersales 612 Solo") -> 0 | F40: =SUM(C40:E40) -> 0
A41: 6 | B41: Aftersales 612 Surabaya | C41: =COUNTIFS(Database!$M$5:$M$376,"ORGANIK",Database!$W$5:$W$376,"Aftersales 612 Surabaya") -> 0 | D41: =COUNTIFS(Database!$M$5:$M$376,"TETAP",Database!$W$5:$W$376,"Aftersales 612 Surabaya") -> 0 | E41: =COUNTIFS(Database!$M$5:$M$376,"PKWT",Database!$W$5:$W$376,"Aftersales 612 Surabaya") -> 0 | F41: =SUM(C41:E41) -> 0
A42: 7 | B42: Aftersales GGW TEL | C42: =COUNTIFS(Database!$M$5:$M$376,"ORGANIK",Database!$W$5:$W$376,"Aftersales GGW TEL") -> 0 | D42: =COUNTIFS(Database!$M$5:$M$376,"TETAP",Database!$W$5:$W$376,"Aftersales GGW TEL") -> 0 | E42: =COUNTIFS(Database!$M$5:$M$376,"PKWT",Database!$W$5:$W$376,"Aftersales GGW TEL") -> 1 | F42: =SUM(C42:E42) -> 1
A43: 8 | B43: Aftersales KRDE Makassar-Parepare | C43: =COUNTIFS(Database!$M$5:$M$376,"ORGANIK",Database!$W$5:$W$376,"Aftersales KRDE Makassar-Parepare") -> 0 | D43: =COUNTIFS(Database!$M$5:$M$376,"TETAP",Database!$W$5:$W$376,"Aftersales KRDE Makassar-Parepare") -> 0 | E43: =COUNTIFS(Database!$M$5:$M$376,"PKWT",Database!$W$5:$W$376,"Aftersales KRDE Makassar-Parepare") -> 0 | F43: =SUM(C43:E43) -> 0
A44: 9 | B44: Akuntansi | C44: =COUNTIFS(Database!$M$5:$M$376,"ORGANIK",Database!$W$5:$W$376,"Akuntansi") -> 0 | D44: =COUNTIFS(Database!$M$5:$M$376,"TETAP",Database!$W$5:$W$376,"Akuntansi") -> 0 | E44: =COUNTIFS(Database!$M$5:$M$376,"PKWT",Database!$W$5:$W$376,"Akuntansi") -> 1 | F44: =SUM(C44:E44) -> 1
A45: 10 | B45: Banyuwangi | C45: =COUNTIFS(Database!$M$5:$M$376,"ORGANIK",Database!$W$5:$W$376,"Banyuwangi") -> 0 | D45: =COUNTIFS(Database!$M$5:$M$376,"TETAP",Database!$W$5:$W$376,"Banyuwangi") -> 0 | E45: =COUNTIFS(Database!$M$5:$M$376,"PKWT",Database!$W$5:$W$376,"Banyuwangi") -> 0 | F45: =SUM(C45:E45) -> 0
A46: 11 | B46: Bogie | C46: =COUNTIFS(Database!$M$5:$M$376,"ORGANIK",Database!$W$5:$W$376,"Bogie") -> 0 | D46: =COUNTIFS(Database!$M$5:$M$376,"TETAP",Database!$W$5:$W$376,"Bogie") -> 0 | E46: =COUNTIFS(Database!$M$5:$M$376,"PKWT",Database!$W$5:$W$376,"Bogie") -> 0 | F46: =SUM(C46:E46) -> 0
A47: 12 | B47: Bus Bandung | C47: =COUNTIFS(Database!$M$5:$M$376,"ORGANIK",Database!$W$5:$W$376,"Bus Bandung") -> 0 | D47: =COUNTIFS(Database!$M$5:$M$376,"TETAP",Database!$W$5:$W$376,"Bus Bandung") -> 0 | E47: =COUNTIFS(Database!$M$5:$M$376,"PKWT",Database!$W$5:$W$376,"Bus Bandung") -> 0 | F47: =SUM(C47:E47) -> 0
A48: 13 | B48: Bus Surabaya | C48: =COUNTIFS(Database!$M$5:$M$376,"ORGANIK",Database!$W$5:$W$376,"Bus Surabaya") -> 0 | D48: =COUNTIFS(Database!$M$5:$M$376,"TETAP",Database!$W$5:$W$376,"Bus Surabaya") -> 0 | E48: =COUNTIFS(Database!$M$5:$M$376,"PKWT",Database!$W$5:$W$376,"Bus Surabaya") -> 0 | F48: =SUM(C48:E48) -> 0
A49: 14 | B49: Cut Meutia | C49: =COUNTIFS(Database!$M$5:$M$376,"ORGANIK",Database!$W$5:$W$376,"Cut Meutia") -> 0 | D49: =COUNTIFS(Database!$M$5:$M$376,"TETAP",Database!$W$5:$W$376,"Cut Meutia") -> 0 | E49: =COUNTIFS(Database!$M$5:$M$376,"PKWT",Database!$W$5:$W$376,"Cut Meutia") -> 0 | F49: =SUM(C49:E49) -> 0
A50: 15 | B50: DIREKSI | C50: =COUNTIFS(Database!$M$5:$M$376,"ORGANIK",Database!$W$5:$W$376,"DIREKSI") -> 0 | D50: =COUNTIFS(Database!$M$5:$M$376,"TETAP",Database!$W$5:$W$376,"DIREKSI") -> 0 | E50: =COUNTIFS(Database!$M$5:$M$376,"PKWT",Database!$W$5:$W$376,"DIREKSI") -> 0 | F50: =SUM(C50:E50) -> 0
A51: 16 | B51: Gudang | C51: =COUNTIFS(Database!$M$5:$M$376,"ORGANIK",Database!$W$5:$W$376,"Gudang") -> 0 | D51: =COUNTIFS(Database!$M$5:$M$376,"TETAP",Database!$W$5:$W$376,"Gudang") -> 0 | E51: =COUNTIFS(Database!$M$5:$M$376,"PKWT",Database!$W$5:$W$376,"Gudang") -> 0 | F51: =SUM(C51:E51) -> 0
A52: 17 | B52: Keuangan | C52: =COUNTIFS(Database!$M$5:$M$376,"ORGANIK",Database!$W$5:$W$376,"keuangan") -> 0 | D52: =COUNTIFS(Database!$M$5:$M$376,"TETAP",Database!$W$5:$W$376,"keuangan") -> 0 | E52: =COUNTIFS(Database!$M$5:$M$376,"PKWT",Database!$W$5:$W$376,"keuangan") -> 2 | F52: =SUM(C52:E52) -> 2
A53: 18 | B53: KRL KfW | C53: =COUNTIFS(Database!$M$5:$M$376,"ORGANIK",Database!$W$5:$W$376,"KRL KFW") -> 0 | D53: =COUNTIFS(Database!$M$5:$M$376,"TETAP",Database!$W$5:$W$376,"KRL KFW") -> 0 | E53: =COUNTIFS(Database!$M$5:$M$376,"PKWT",Database!$W$5:$W$376,"KRL KFW") -> 45 | F53: =SUM(C53:E53) -> 45
A54: 19 | B54: KRL Soetta | C54: =COUNTIFS(Database!$M$5:$M$376,"ORGANIK",Database!$W$5:$W$376,"KRL soetta") -> 0 | D54: =COUNTIFS(Database!$M$5:$M$376,"TETAP",Database!$W$5:$W$376,"KRL soetta") -> 0 | E54: =COUNTIFS(Database!$M$5:$M$376,"PKWT",Database!$W$5:$W$376,"KRL soetta") -> 0 | F54: =SUM(C54:E54) -> 0
A55: 20 | B55: Listrik | C55: =COUNTIFS(Database!$M$5:$M$376,"ORGANIK",Database!$W$5:$W$376,"Listrik") -> 0 | D55: =COUNTIFS(Database!$M$5:$M$376,"TETAP",Database!$W$5:$W$376,"Listrik") -> 0 | E55: =COUNTIFS(Database!$M$5:$M$376,"PKWT",Database!$W$5:$W$376,"Listrik") -> 0 | F55: =SUM(C55:E55) -> 0
A56: 21 | B56: Logistik | C56: =COUNTIFS(Database!$M$5:$M$376,"ORGANIK",Database!$W$5:$W$376,"Logistik") -> 0 | D56: =COUNTIFS(Database!$M$5:$M$376,"TETAP",Database!$W$5:$W$376,"Logistik") -> 0 | E56: =COUNTIFS(Database!$M$5:$M$376,"PKWT",Database!$W$5:$W$376,"Logistik") -> 2 | F56: =SUM(C56:E56) -> 2
A57: 22 | B57: LRT Jabo Aftersales | C57: =COUNTIFS(Database!$M$5:$M$376,"ORGANIK",Database!$W$5:$W$376,"LRT Jabo Aftersales") -> 0 | D57: =COUNTIFS(Database!$M$5:$M$376,"TETAP",Database!$W$5:$W$376,"LRT Jabo Aftersales") -> 0 | E57: =COUNTIFS(Database!$M$5:$M$376,"PKWT",Database!$W$5:$W$376,"LRT Jabo Aftersales") -> 0 | F57: =SUM(C57:E57) -> 0
A58: 23 | B58: LRT Jabo Helper | C58: =COUNTIFS(Database!$M$5:$M$376,"ORGANIK",Database!$W$5:$W$376,"LRT Jabo Helper") -> 0 | D58: =COUNTIFS(Database!$M$5:$M$376,"TETAP",Database!$W$5:$W$376,"LRT Jabo Helper") -> 0 | E58: =COUNTIFS(Database!$M$5:$M$376,"PKWT",Database!$W$5:$W$376,"LRT Jabo Helper") -> 0 | F58: =SUM(C58:E58) -> 0
A59: 24 | B59: LRT Palembang | C59: =COUNTIFS(Database!$M$5:$M$376,"ORGANIK",Database!$W$5:$W$376,"LRT Palembang") -> 0 | D59: =COUNTIFS(Database!$M$5:$M$376,"TETAP",Database!$W$5:$W$376,"LRT Palembang") -> 0 | E59: =COUNTIFS(Database!$M$5:$M$376,"PKWT",Database!$W$5:$W$376,"LRT Palembang") -> 0 | F59: =SUM(C59:E59) -> 0
A60: 25 | B60: MRO | C60: =COUNTIFS(Database!$M$5:$M$376,"ORGANIK",Database!$W$5:$W$376,"MRO") -> 0 | D60: =COUNTIFS(Database!$M$5:$M$376,"TETAP",Database!$W$5:$W$376,"MRO") -> 0 | E60: =COUNTIFS(Database!$M$5:$M$376,"PKWT",Database!$W$5:$W$376,"MRO") -> 0 | F60: =SUM(C60:E60) -> 0
A61: 26 | B61: Op Forklift | C61: =COUNTIFS(Database!$M$5:$M$376,"ORGANIK",Database!$W$5:$W$376,"Op Forklift") -> 0 | D61: =COUNTIFS(Database!$M$5:$M$376,"TETAP",Database!$W$5:$W$376,"Op Forklift") -> 0 | E61: =COUNTIFS(Database!$M$5:$M$376,"PKWT",Database!$W$5:$W$376,"Op Forklift") -> 0 | F61: =SUM(C61:E61) -> 0
A62: 27 | B62: Pemasaran | C62: =COUNTIFS(Database!$M$5:$M$376,"ORGANIK",Database!$W$5:$W$376,"pemasaran") -> 0 | D62: =COUNTIFS(Database!$M$5:$M$376,"TETAP",Database!$W$5:$W$376,"pemasaran") -> 0 | E62: =COUNTIFS(Database!$M$5:$M$376,"PKWT",Database!$W$5:$W$376,"pemasaran") -> 0 | F62: =SUM(C62:E62) -> 0 | N62: Nama | O62: NIP Aktif | P62: Pend Diakui | Q62: Jurusan | R62: Almamater
A63: 28 | B63: Pengelolaan Proyek Wilayah I | C63: =COUNTIFS(Database!$M$5:$M$376,"ORGANIK",Database!$W$5:$W$376,"Pengelolaan Proyek Wilayah I") -> 0 | D63: =COUNTIFS(Database!$M$5:$M$376,"TETAP",Database!$W$5:$W$376,"Pengelolaan Proyek Wilayah I") -> 0 | E63: =COUNTIFS(Database!$M$5:$M$376,"PKWT",Database!$W$5:$W$376,"Pengelolaan Proyek Wilayah I") -> 0 | F63: =SUM(C63:E63) -> 0 | H63: TAHUN | I63: Jumlah Pegawai | K63: TAHUN | L63: wanita | N63: BANGKIT SANJAYA | O63: 972000054 | P63: D3 | Q63: Teknik Pemeliharaan Fasilitas Listrik | R63: Politeknik Negeri Madiun
A64: 29 | B64: Pengelolaan Proyek Wilayah II | C64: =COUNTIFS(Database!$M$5:$M$376,"ORGANIK",Database!$W$5:$W$376,"Pengelolaan Proyek Wilayah II") -> 0 | D64: =COUNTIFS(Database!$M$5:$M$376,"TETAP",Database!$W$5:$W$376,"Pengelolaan Proyek Wilayah II") -> 0 | E64: =COUNTIFS(Database!$M$5:$M$376,"PKWT",Database!$W$5:$W$376,"Pengelolaan Proyek Wilayah II") -> 7 | F64: =SUM(C64:E64) -> 7 | H64: 21 | I64: 310 | K64: 21 | L64: 23 | N64: NOVIKASARI | O64: 971800021 | P64: S1 | Q64: Pendidikan Biologi | R64: Universitas PGRI Madiun
A65: 30 | B65: Perawatan KRDE Makassar- Parepare | C65: =COUNTIFS(Database!$M$5:$M$376,"ORGANIK",Database!$W$5:$W$376,"Perawatan KRDE Makassar- Parepare") -> 0 | D65: =COUNTIFS(Database!$M$5:$M$376,"TETAP",Database!$W$5:$W$376,"Perawatan KRDE Makassar- Parepare") -> 0 | E65: =COUNTIFS(Database!$M$5:$M$376,"PKWT",Database!$W$5:$W$376,"Perawatan KRDE Makassar- Parepare") -> 7 | F65: =SUM(C65:E65) -> 7 | H65: 22 | I65: 339 | K65: 22 | L65: 24 | N65: SATRIA GUSTIANA RAHARDI | O65: 971900043 | P65: S1 | Q65: Hukum | R65: Universitas Brawijaya
A66: 31 | B66: PMU | C66: =COUNTIFS(Database!$M$5:$M$376,"ORGANIK",Database!$W$5:$W$376,"pmu") -> 0 | D66: =COUNTIFS(Database!$M$5:$M$376,"TETAP",Database!$W$5:$W$376,"pmu") -> 0 | E66: =COUNTIFS(Database!$M$5:$M$376,"PKWT",Database!$W$5:$W$376,"pmu") -> 0 | F66: =SUM(C66:E66) -> 0 | H66: 23 | I66: 339 | K66: 23 | L66: 26 | N66: AHMAD YUDHA FITRIANTO | O66: 971900036 | P66: S1 | Q66: Manajemen | R66: Universitas Diponegoro
A67: 32 | B67: QC | C67: =COUNTIFS(Database!$M$5:$M$376,"ORGANIK",Database!$W$5:$W$376,"qc") -> 0 | D67: =COUNTIFS(Database!$M$5:$M$376,"TETAP",Database!$W$5:$W$376,"qc") -> 0 | E67: =COUNTIFS(Database!$M$5:$M$376,"PKWT",Database!$W$5:$W$376,"qc") -> 0 | F67: =SUM(C67:E67) -> 0 | N67: R SONNY YANUPRAJA | O67: 991000017 | P67: S1 | Q67: Teknik Elektro | R67: Universitas Brawijaya
A68: 33 | B68: QC INKA | C68: =COUNTIFS(Database!$M$5:$M$376,"ORGANIK",Database!$W$5:$W$376,"qc inka") -> 0 | D68: =COUNTIFS(Database!$M$5:$M$376,"TETAP",Database!$W$5:$W$376,"qc inka") -> 0 | E68: =COUNTIFS(Database!$M$5:$M$376,"PKWT",Database!$W$5:$W$376,"qc inka") -> 0 | F68: =SUM(C68:E68) -> 0 | H68: TAHUN | I68: kecelakaan kerja | K68: TAHUN | L68: kecelakaan kerja | N68: HARTONO | O68: 999200022 | P68: S1 | Q68: Teknik Mesin | R68: Universitas Merdeka Madiun
A69: 34 | B69: RB Bathara Kresna | C69: =COUNTIFS(Database!$M$5:$M$376,"ORGANIK",Database!$W$5:$W$376,"RB Bathara Kresna") -> 0 | D69: =COUNTIFS(Database!$M$5:$M$376,"TETAP",Database!$W$5:$W$376,"RB Bathara Kresna") -> 0 | E69: =COUNTIFS(Database!$M$5:$M$376,"PKWT",Database!$W$5:$W$376,"RB Bathara Kresna") -> 0 | F69: =SUM(C69:E69) -> 0 | H69: 21 | I69: ? | K69: 21 | L69: 225 | N69: DELA OKTAVIANA | O69: 642201127 | P69: D3 | Q69: Administrasi Bisnis | R69: Politeknik Negeri Madiun
A70: 35 | B70: RB Lembah Anai | C70: =COUNTIFS(Database!$M$5:$M$376,"ORGANIK",Database!$W$5:$W$376,"RB Lembah Anai") -> 0 | D70: =COUNTIFS(Database!$M$5:$M$376,"TETAP",Database!$W$5:$W$376,"RB Lembah Anai") -> 0 | E70: =COUNTIFS(Database!$M$5:$M$376,"PKWT",Database!$W$5:$W$376,"RB Lembah Anai") -> 0 | F70: =SUM(C70:E70) -> 0 | H70: 22 | I70: ? | K70: 22 | L70: 243 | N70: ANGGITANA SUSIACCA PRIMA PUTRA | O70: 642301191 | P70: D3 | Q70: Teknologi Mekanika Perkeretaapian | R70: Politeknik Perkeretaapian Indonesia Madiun
A71: 36 | B71: RENDAL PPA | C71: =COUNTIFS(Database!$M$5:$M$376,"ORGANIK",Database!$W$5:$W$376,"rendal ppa") -> 0 | D71: =COUNTIFS(Database!$M$5:$M$376,"TETAP",Database!$W$5:$W$376,"rendal ppa") -> 0 | E71: =COUNTIFS(Database!$M$5:$M$376,"PKWT",Database!$W$5:$W$376,"rendal ppa") -> 0 | F71: =SUM(C71:E71) -> 0 | H71: 23 | I71: 5 | K71: 23 | L71: 234 | N71: REZA DENNYZA SATRIAWAN | O71: 991500018 | P71: S1 | Q71: Manajemen | R71: Univ. Ma Chung Malang
A72: 37 | B72: SDM dan Umum | C72: =COUNTIFS(Database!$M$5:$M$376,"ORGANIK",Database!$W$5:$W$376,"SDM dan Umum") -> 0 | D72: =COUNTIFS(Database!$M$5:$M$376,"TETAP",Database!$W$5:$W$376,"SDM dan Umum") -> 0 | E72: =COUNTIFS(Database!$M$5:$M$376,"PKWT",Database!$W$5:$W$376,"SDM dan Umum") -> 0 | F72: =SUM(C72:E72) -> 0 | N72: FITTA FRIDDITTA ARIEF | O72: 991700061 | P72: S1 | Q72: Teknik Industri | R72: Universitas Brawijaya
A73: 38 | B73: Sekper, Legal dan Tata Kelola | C73: =COUNTIFS(Database!$M$5:$M$376,"ORGANIK",Database!$W$5:$W$376,"Sekper, Legal dan Tata Kelola") -> 0 | D73: =COUNTIFS(Database!$M$5:$M$376,"TETAP",Database!$W$5:$W$376,"Sekper, Legal dan Tata Kelola") -> 0 | E73: =COUNTIFS(Database!$M$5:$M$376,"PKWT",Database!$W$5:$W$376,"Sekper, Legal dan Tata Kelola") -> 2 | F73: =SUM(C73:E73) -> 2 | N73: BAGUS ADIIB AL-HAQ | O73: 642312142 | P73: S2 | Q73: Teknik dan Manajemen Industri | R73: Institut Teknologi Bandung (ITB)
A74: 39 | B74: Sipil | C74: =COUNTIFS(Database!$M$5:$M$376,"ORGANIK",Database!$W$5:$W$376,"sipil") -> 0 | D74: =COUNTIFS(Database!$M$5:$M$376,"TETAP",Database!$W$5:$W$376,"sipil") -> 0 | E74: =COUNTIFS(Database!$M$5:$M$376,"PKWT",Database!$W$5:$W$376,"sipil") -> 0 | F74: =SUM(C74:E74) -> 0 | N74: BIMA AJI KURNIAWAN | O74: 642312143 | P74: S1 | Q74: Manajemen | R74: Universitas Sebelas Maret Surakarta
A75: 40 | B75: SMK3 | C75: =COUNTIFS(Database!$M$5:$M$376,"ORGANIK",Database!$W$5:$W$376,"smk3") -> 0 | D75: =COUNTIFS(Database!$M$5:$M$376,"TETAP",Database!$W$5:$W$376,"smk3") -> 0 | E75: =COUNTIFS(Database!$M$5:$M$376,"PKWT",Database!$W$5:$W$376,"smk3") -> 0 | F75: =SUM(C75:E75) -> 0
A76: 41 | B76: SPI | C76: =COUNTIFS(Database!$M$5:$M$376,"ORGANIK",Database!$W$5:$W$376,"spi") -> 0 | D76: =COUNTIFS(Database!$M$5:$M$376,"TETAP",Database!$W$5:$W$376,"spi") -> 0 | E76: =COUNTIFS(Database!$M$5:$M$376,"PKWT",Database!$W$5:$W$376,"spi") -> 0 | F76: =SUM(C76:E76) -> 0
A77: 42 | B77: TA BIAS | C77: =COUNTIFS(Database!$M$5:$M$376,"ORGANIK",Database!$W$5:$W$376,"ta bias") -> 0 | D77: =COUNTIFS(Database!$M$5:$M$376,"TETAP",Database!$W$5:$W$376,"ta bias") -> 0 | E77: =COUNTIFS(Database!$M$5:$M$376,"PKWT",Database!$W$5:$W$376,"ta bias") -> 0 | F77: =SUM(C77:E77) -> 0
A78: 43 | B78: Teklog | C78: =COUNTIFS(Database!$M$5:$M$376,"ORGANIK",Database!$W$5:$W$376,"teklog") -> 0 | D78: =COUNTIFS(Database!$M$5:$M$376,"TETAP",Database!$W$5:$W$376,"teklog") -> 0 | E78: =COUNTIFS(Database!$M$5:$M$376,"PKWT",Database!$W$5:$W$376,"teklog") -> 0 | F78: =SUM(C78:E78) -> 0
A79: 44 | B79: Teknik | C79: =COUNTIFS(Database!$M$5:$M$376,"ORGANIK",Database!$W$5:$W$376,"Teknik") -> 0 | D79: =COUNTIFS(Database!$M$5:$M$376,"TETAP",Database!$W$5:$W$376,"Teknik") -> 0 | E79: =COUNTIFS(Database!$M$5:$M$376,"PKWT",Database!$W$5:$W$376,"Teknik") -> 8 | F79: =SUM(C79:E79) -> 8
A80: 45 | B80: Teknik dan Logistik | C80: =COUNTIFS(Database!$M$5:$M$376,"ORGANIK",Database!$W$5:$W$376,"Teknik dan Logistik") -> 0 | D80: =COUNTIFS(Database!$M$5:$M$376,"TETAP",Database!$W$5:$W$376,"Teknik dan Logistik") -> 0 | E80: =COUNTIFS(Database!$M$5:$M$376,"PKWT",Database!$W$5:$W$376,"Teknik dan Logistik") -> 0 | F80: =SUM(C80:E80) -> 0
A81: 46 | B81: Wilayah I | C81: =COUNTIFS(Database!$M$5:$M$376,"ORGANIK",Database!$W$5:$W$376,"Wilayah I") -> 0 | D81: =COUNTIFS(Database!$M$5:$M$376,"TETAP",Database!$W$5:$W$376,"Wilayah I") -> 0 | E81: =COUNTIFS(Database!$M$5:$M$376,"PKWT",Database!$W$5:$W$376,"Wilayah I") -> 12 | F81: =SUM(C81:E81) -> 12
A82: 47 | B82: Wilayah II | C82: =COUNTIFS(Database!$M$5:$M$376,"ORGANIK",Database!$W$5:$W$376,"Wilayah II") -> 0 | D82: =COUNTIFS(Database!$M$5:$M$376,"TETAP",Database!$W$5:$W$376,"Wilayah II") -> 0 | E82: =COUNTIFS(Database!$M$5:$M$376,"PKWT",Database!$W$5:$W$376,"Wilayah II") -> 0 | F82: =SUM(C82:E82) -> 0
A83: 48 | B83: Aftersales 612 Jakarta | C83: =COUNTIFS(Database!$M$5:$M$376,"ORGANIK",Database!$W$5:$W$376,"Aftersales 612 Jakarta") -> 0 | D83: =COUNTIFS(Database!$M$5:$M$376,"TETAP",Database!$W$5:$W$376,"Aftersales 612 Jakarta") -> 0 | E83: =COUNTIFS(Database!$M$5:$M$376,"PKWT",Database!$W$5:$W$376,"Aftersales 612 Jakarta") -> 0 | F83: =SUM(C83:E83) -> 0
A84: 49 | B84: LRT Jabo VM Helper Testing | C84: =COUNTIFS(Database!$M$5:$M$376,"ORGANIK",Database!$W$5:$W$376,"LRT Jabo VM Helper Testing") -> 0 | D84: =COUNTIFS(Database!$M$5:$M$376,"TETAP",Database!$W$5:$W$376,"LRT Jabo VM Helper Testing") -> 0 | E84: =COUNTIFS(Database!$M$5:$M$376,"PKWT",Database!$W$5:$W$376,"LRT Jabo VM Helper Testing") -> 0 | F84: =SUM(C84:E84) -> 0
A85: 50 | B85: SMN loko Administrasi | C85: =COUNTIFS(Database!$M$5:$M$376,"ORGANIK",Database!$W$5:$W$376,"SMN loko Administrasi") -> 0 | D85: =COUNTIFS(Database!$M$5:$M$376,"TETAP",Database!$W$5:$W$376,"SMN loko Administrasi") -> 0 | E85: =COUNTIFS(Database!$M$5:$M$376,"PKWT",Database!$W$5:$W$376,"SMN loko Administrasi") -> 0 | F85: =SUM(C85:E85) -> 0
A86: 51 | B86: SMN Loko Jakarta | C86: =COUNTIFS(Database!$M$5:$M$376,"ORGANIK",Database!$W$5:$W$376,"SMN Loko Jakarta") -> 0 | D86: =COUNTIFS(Database!$M$5:$M$376,"TETAP",Database!$W$5:$W$376,"SMN Loko Jakarta") -> 0 | E86: =COUNTIFS(Database!$M$5:$M$376,"PKWT",Database!$W$5:$W$376,"SMN Loko Jakarta") -> 0 | F86: =SUM(C86:E86) -> 0
A87: 52 | B87: SMN Loko Lampung | C87: =COUNTIFS(Database!$M$5:$M$376,"ORGANIK",Database!$W$5:$W$376,"SMN Loko Lampung") -> 0 | D87: =COUNTIFS(Database!$M$5:$M$376,"TETAP",Database!$W$5:$W$376,"SMN Loko Lampung") -> 0 | E87: =COUNTIFS(Database!$M$5:$M$376,"PKWT",Database!$W$5:$W$376,"SMN Loko Lampung") -> 2 | F87: =SUM(C87:E87) -> 2
A88: 53 | B88: SMN Loko Medan | C88: =COUNTIFS(Database!$M$5:$M$376,"ORGANIK",Database!$W$5:$W$376,"SMN Loko Medan") -> 0 | D88: =COUNTIFS(Database!$M$5:$M$376,"TETAP",Database!$W$5:$W$376,"SMN Loko Medan") -> 0 | E88: =COUNTIFS(Database!$M$5:$M$376,"PKWT",Database!$W$5:$W$376,"SMN Loko Medan") -> 1 | F88: =SUM(C88:E88) -> 1
A89: 54 | B89: SMN Loko Purwodadi | C89: =COUNTIFS(Database!$M$5:$M$376,"ORGANIK",Database!$W$5:$W$376,"SMN Loko Purwodadi") -> 0 | D89: =COUNTIFS(Database!$M$5:$M$376,"TETAP",Database!$W$5:$W$376,"SMN Loko Purwodadi") -> 0 | E89: =COUNTIFS(Database!$M$5:$M$376,"PKWT",Database!$W$5:$W$376,"SMN Loko Purwodadi") -> 5 | F89: =SUM(C89:E89) -> 5
A90: 55 | B90: STRUKTURAL & FUNGSIONAL | C90: =COUNTIFS(Database!$M$5:$M$376,"ORGANIK",Database!$W$5:$W$376,"STRUKTURAL & FUNGSIONAL") -> 0 | D90: =COUNTIFS(Database!$M$5:$M$376,"TETAP",Database!$W$5:$W$376,"STRUKTURAL & FUNGSIONAL") -> 0 | E90: =COUNTIFS(Database!$M$5:$M$376,"PKWT",Database!$W$5:$W$376,"STRUKTURAL & FUNGSIONAL") -> 0 | F90: =SUM(C90:E90) -> 0
F91: =SUM(F36:F90) -> 95
A93: Berdasarkan Jenis Kelamin
A94: No | B94: Golongan | C94: Laki-Laki | D94: Perempuan | E94: Total
A95: 1 | B95: Direksi | C95: =COUNTIFS(Database!$M$5:$M$376,"Direksi",Database!$AB$5:$AB$376,"Laki-laki") -> 0 | D95: =COUNTIFS(Database!$M$5:$M$376,"Direksi",Database!$AB$5:$AB$376,"Perempuan") -> 0 | E95: =SUM(C95:D95) -> 0
A96: 2 | B96: Organik INKA | C96: =COUNTIFS(Database!$M$5:$M$376,"ORGANIK",Database!$AB$5:$AB$376,"Laki-laki") -> 0 | D96: =COUNTIFS(Database!$M$5:$M$376,"ORGANIK",Database!$AB$5:$AB$376,"Perempuan") -> 0 | E96: =SUM(C96:D96) -> 0
A97: 3 | B97: IMSS Tetap | C97: =COUNTIFS(Database!$M$5:$M$376,"TETAP",Database!$AB$5:$AB$376,"Laki-laki") -> 0 | D97: =COUNTIFS(Database!$M$5:$M$376,"TETAP",Database!$AB$5:$AB$376,"Perempuan") -> 0 | E97: =SUM(C97:D97) -> 0
A98: 5 | B98: IMSS PKWT | C98: =COUNTIFS(Database!$M$5:$M$376,"PKWT",Database!$AB$5:$AB$376,"Laki-laki") -> 288 | D98: =COUNTIFS(Database!$M$5:$M$376,"PKWT",Database!$AB$5:$AB$376,"Perempuan") -> 10 | E98: =SUM(C98:D98) -> 298
B99: Total | C99: =SUM(C95:C98) -> 288 | D99: =SUM(D95:D98) -> 10 | E99: =C99+D99 -> 298
A101: Karyawan IMSS Berdasarkan Jabatan Jenis Kelamin
A102: No | B102: Golongan | C102: Laki-Laki | D102: Perempuan | E102: Total
A103: 1 | B103: Direksi | C103: =COUNTIFS(Database!$N$5:$N$376,"IMSS",Database!$AB$5:$AB$376,"Laki-laki",Database!$R$5:$R$376,"Direksi") -> 0 | D103: =COUNTIFS(Database!$N$5:$N$376,"IMSS",Database!$AB$5:$AB$376,"Perempuan",Database!$R$5:$R$376,"Direksi") -> 0 | E103: =SUM(C103:D103) -> 0 | H103: 4050 | I103: 3 | J103: =H103/I103 -> 1350
A104: 2 | B104: Kepala Departemen | C104: =COUNTIFS(Database!$N$5:$N$376,"IMSS",Database!$AB$5:$AB$376,"Laki-laki",Database!$R$5:$R$376,"Kepala Departemen") -> 4 | D104: =COUNTIFS(Database!$N$5:$N$376,"IMSS",Database!$AB$5:$AB$376,"Perempuan",Database!$R$5:$R$376,"Kepala Departemen") -> 3 | E104: =SUM(C104:D104) -> 7
A105: 3 | B105: Kepala Bagian | C105: =COUNTIFS(Database!$N$5:$N$376,"IMSS",Database!$AB$5:$AB$376,"Laki-laki",Database!$R$5:$R$376,"Kepala Bagian") -> 2 | D105: =COUNTIFS(Database!$N$5:$N$376,"IMSS",Database!$AB$5:$AB$376,"Perempuan",Database!$R$5:$R$376,"Kepala Bagian") -> 1 | E105: =SUM(C105:D105) -> 3
A106: 4 | B106: Staff | C106: =COUNTIFS(Database!$N$5:$N$376,"IMSS",Database!$AB$5:$AB$376,"Laki-laki",Database!$R$5:$R$376,"Staff") -> 23 | D106: =COUNTIFS(Database!$N$5:$N$376,"IMSS",Database!$AB$5:$AB$376,"Perempuan",Database!$R$5:$R$376,"Staff") -> 14 | E106: =SUM(C106:D106) -> 37
A107: 5 | B107: Leader | C107: =COUNTIFS(Database!$N$5:$N$376,"IMSS",Database!$AB$5:$AB$376,"Laki-laki",Database!$R$5:$R$376,"Leader") -> 0 | D107: =COUNTIFS(Database!$N$5:$N$376,"IMSS",Database!$AB$5:$AB$376,"Perempuan",Database!$R$5:$R$376,"Leader") -> 0 | E107: =SUM(C107:D107) -> 0
...

Sheet demografi
A2: JENIS KELAMIN
A3: NO | B3: JENIS KELAMIN | C3: JUMLAH
A4: 1 | B4: LAKI LAKI | C4: =COUNTIF(Database!AB4:AB439,"Laki-laki") -> 401 | D4: =C4/C6*100% -> 0.92183908
A5: 2 | B5: PEREMPUAN | C5: =COUNTIF(Database!AB5:AB439,"Perempuan") -> 34 | D5: =C5/C6*100% -> 0.07816092
A6: TOTAL | C6: =SUM(C4:C5) -> 435
A9: PERNIKAHAN
A10: NO | B10: JENIS KELAMIN | C10: JUMLAH | E10: UPDATE
A11: 1 | B11: BELUM KAWIN | C11: =COUNTIFS(Database!AN5:AN382,"BELUM MENIKAH") -> 186 | D11: =C11/$C$14*100% -> 0.49206349 | E11: =COUNTIF(Database!$AN$5:$AN$439,"BELUM MENIKAH") -> 230 | H11: BELUM KAWIN | I11: ( | J11: 196 | K11: ) | L11: 0.49620253
A12: 2 | B12: KAWIN | C12: =COUNTIFS(Database!AN5:AN382,"MENIKAH") -> 188 | D12: =C12/$C$14*100% -> 0.4973545 | E12: =COUNTIF(Database!$AN$5:$AN$439,"MENIKAH") -> 200 | H12: KAWIN | I12: ( | J12: 194 | K12: ) | L12: 0.49113924
A13: 3 | B13: CERAI | C13: =COUNTIFS(Database!AN5:AN382,"CERAI") -> 4 | D13: =C13/$C$14*100% -> 0.010582011 | E13: =COUNTIF(Database!AN7:AN440,"CERAI") -> 5 | H13: CERAI | I13: ( | J13: 5 | K13: ) | L13: 0.012658228
A14: TOTAL | C14: =SUM(C11:C13) -> 378 | E14: =E11+E12+E13 -> 435
A16: Berdasarkan Jumlah Karyawan
A17: No | B17: Penempatan | C17: Golongan | G17: Jumlah
C18: Direksi | D18: Organik INKA | E18: IMSS Tetap | F18: PKWT
A19: 1 | B19: Kantor Salak | C19: =COUNTIFS(Database!$N$5:$N$439,"Direksi",Database!$V$5:$V$439,"IMSS") -> 0 | D19: =COUNTIFS(Database!$N$5:$N$439,"ORGANIK",Database!$V$5:$V$439,"IMSS") -> 0 | E19: =COUNTIFS(Database!$N$5:$N$439,"TETAP",Database!$V$5:$V$439,"IMSS") -> 0 | F19: =COUNTIFS(Database!$N$5:$N$439,"PKWT",Database!$V$5:$V$439,"IMSS") -> 0 | G19: =SUM(C19:F19) -> 0
A20: 2 | B20: GUDANG | C20: =COUNTIFS(Database!$N$5:$N$439,"Direksi",Database!$V$5:$V$439,"GUDANG") -> 0 | D20: =COUNTIFS(Database!$N$5:$N$439,"ORGANIK",Database!$V$5:$V$439,"GUDANG") -> 0 | E20: =COUNTIFS(Database!$N$5:$N$439,"TETAP",Database!$V$5:$V$439,"GUDANG") -> 0 | F20: =COUNTIFS(Database!$N$5:$N$439,"PKWT",Database!$V$5:$V$439,"GUDANG") -> 0 | G20: =SUM(C20:F20) -> 0
A21: 3 | B21: INKA | C21: =COUNTIFS(Database!$N$5:$N$439,"Direksi",Database!$V$5:$V$439,"INKA") -> 0 | D21: =COUNTIFS(Database!$N$5:$N$439,"ORGANIK",Database!$V$5:$V$439,"INKA") -> 0 | E21: =COUNTIFS(Database!$N$5:$N$439,"TETAP",Database!$V$5:$V$439,"INKA") -> 0 | F21: =COUNTIFS(Database!$N$5:$N$439,"PKWT",Database!$V$5:$V$439,"INKA") -> 0 | G21: =SUM(C21:F21) -> 0
A22: 5 | B22: PMU | C22: =COUNTIFS(Database!$N$5:$N$439,"Direksi",Database!$V$5:$V$439,"PMU") -> 0 | D22: =COUNTIFS(Database!$N$5:$N$439,"ORGANIK",Database!$V$5:$V$439,"PMU") -> 0 | E22: =COUNTIFS(Database!$N$5:$N$439,"TETAP",Database!$V$5:$V$439,"PMU") -> 0 | F22: =COUNTIFS(Database!$N$5:$N$439,"PKWT",Database!$V$5:$V$439,"PMU") -> 0 | G22: =SUM(C22:F22) -> 0
A23: 6 | B23: Bandung | C23: =COUNTIFS(Database!$N$5:$N$439,"Direksi",Database!$V$5:$V$439,"BANDUNG") -> 0 | D23: =COUNTIFS(Database!$N$5:$N$439,"ORGANIK",Database!$V$5:$V$439,"BANDUNG") -> 0 | E23: =COUNTIFS(Database!$N$5:$N$439,"TETAP",Database!$V$5:$V$439,"BANDUNG") -> 0 | F23: =COUNTIFS(Database!$N$5:$N$439,"PKWT",Database!$V$5:$V$439,"BANDUNG") -> 0 | G23: =SUM(C23:F23) -> 0
A24: 7 | B24: Aceh | C24: =COUNTIFS(Database!$N$5:$N$439,"Direksi",Database!$V$5:$V$439,"ACEH") -> 0 | D24: =COUNTIFS(Database!$N$5:$N$439,"ORGANIK",Database!$V$5:$V$439,"ACEH") -> 0 | E24: =COUNTIFS(Database!$N$5:$N$439,"TETAP",Database!$V$5:$V$439,"ACEH") -> 0 | F24: =COUNTIFS(Database!$N$5:$N$439,"PKWT",Database!$V$5:$V$439,"ACEH") -> 0 | G24: =SUM(C24:F24) -> 0
A25: 8 | B25: Makassar | C25: =COUNTIFS(Database!$N$5:$N$439,"Direksi",Database!$V$5:$V$439,"MAKASSAR") -> 0 | D25: =COUNTIFS(Database!$N$5:$N$439,"ORGANIK",Database!$V$5:$V$439,"MAKASSAR") -> 0 | E25: =COUNTIFS(Database!$N$5:$N$439,"TETAP",Database!$V$5:$V$439,"MAKASSAR") -> 0 | F25: =COUNTIFS(Database!$N$5:$N$439,"PKWT",Database!$V$5:$V$439,"MAKASSAR") -> 0 | G25: =SUM(C25:F25) -> 0
A26: 9 | B26: Klaten | C26: =COUNTIFS(Database!$N$5:$N$439,"Direksi",Database!$V$5:$V$439,"KLATEN") -> 0 | D26: =COUNTIFS(Database!$N$5:$N$439,"ORGANIK",Database!$V$5:$V$439,"KLATEN") -> 0 | E26: =COUNTIFS(Database!$N$5:$N$439,"TETAP",Database!$V$5:$V$439,"KLATEN") -> 0 | F26: =COUNTIFS(Database!$N$5:$N$439,"PKWT",Database!$V$5:$V$439,"KLATEN") -> 0 | G26: =SUM(C26:F26) -> 0
A27: 10 | B27: Jakarta | C27: =COUNTIFS(Database!$N$5:$N$439,"Direksi",Database!$V$5:$V$439,"JAKARTA") -> 0 | D27: =COUNTIFS(Database!$N$5:$N$439,"ORGANIK",Database!$V$5:$V$439,"JAKARTA") -> 0 | E27: =COUNTIFS(Database!$N$5:$N$439,"TETAP",Database!$V$5:$V$439,"JAKARTA") -> 0 | F27: =COUNTIFS(Database!$N$5:$N$439,"PKWT",Database!$V$5:$V$439,"JAKARTA") -> 0 | G27: =SUM(C27:F27) -> 0
A28: 11 | B28: Palembang | C28: =COUNTIFS(Database!$N$5:$N$439,"Direksi",Database!$V$5:$V$439,"PALEMBANG") -> 0 | D28: =COUNTIFS(Database!$N$5:$N$439,"ORGANIK",Database!$V$5:$V$439,"PALEMBANG") -> 0 | E28: =COUNTIFS(Database!$N$5:$N$439,"TETAP",Database!$V$5:$V$439,"PALEMBANG") -> 0 | F28: =COUNTIFS(Database!$N$5:$N$439,"PKWT",Database!$V$5:$V$439,"PALEMBANG") -> 0 | G28: =SUM(C28:F28) -> 0
A29: 12 | B29: Padang | C29: =COUNTIFS(Database!$N$5:$N$439,"Direksi",Database!$V$5:$V$439,"PADANG") -> 0 | D29: =COUNTIFS(Database!$N$5:$N$439,"ORGANIK",Database!$V$5:$V$439,"PADANG") -> 0 | E29: =COUNTIFS(Database!$N$5:$N$439,"TETAP",Database!$V$5:$V$439,"PADANG") -> 0 | F29: =COUNTIFS(Database!$N$5:$N$439,"PKWT",Database!$V$5:$V$439,"PADANG") -> 0 | G29: =SUM(C29:F29) -> 0
A30: 13 | B30: Solo | C30: =COUNTIFS(Database!$N$5:$N$439,"Direksi",Database!$V$5:$V$439,"SOLO") -> 0 | D30: =COUNTIFS(Database!$N$5:$N$439,"ORGANIK",Database!$V$5:$V$439,"SOLO") -> 0 | E30: =COUNTIFS(Database!$N$5:$N$439,"TETAP",Database!$V$5:$V$439,"SOLO") -> 0 | F30: =COUNTIFS(Database!$N$5:$N$439,"PKWT",Database!$V$5:$V$439,"SOLO") -> 0 | G30: =SUM(C30:F30) -> 0
A31: 14 | B31: Purwodadi | C31: =COUNTIFS(Database!$N$5:$N$439,"Direksi",Database!$V$5:$V$439,"PURWODADI") -> 0 | D31: =COUNTIFS(Database!$N$5:$N$439,"ORGANIK",Database!$V$5:$V$439,"PURWODADI") -> 0 | E31: =COUNTIFS(Database!$N$5:$N$439,"TETAP",Database!$V$5:$V$439,"PURWODADI") -> 0 | F31: =COUNTIFS(Database!$N$5:$N$439,"PKWT",Database!$V$5:$V$439,"PURWODADI") -> 0 | G31: =SUM(C31:F31) -> 0
A32: 15 | B32: Lampung | C32: =COUNTIFS(Database!$N$5:$N$439,"Direksi",Database!$V$5:$V$439,"LAMPUNG") -> 0 | D32: =COUNTIFS(Database!$N$5:$N$439,"ORGANIK",Database!$V$5:$V$439,"LAMPUNG") -> 0 | E32: =COUNTIFS(Database!$N$5:$N$439,"TETAP",Database!$V$5:$V$439,"LAMPUNG") -> 0 | F32: =COUNTIFS(Database!$N$5:$N$439,"PKWT",Database!$V$5:$V$439,"LAMPUNG") -> 0 | G32: =SUM(C32:F32) -> 0
A33: 16 | B33: Medan | C33: =COUNTIFS(Database!$N$5:$N$439,"Direksi",Database!$V$5:$V$439,"MEDAN") -> 0 | D33: =COUNTIFS(Database!$N$5:$N$439,"ORGANIK",Database!$V$5:$V$439,"MEDAN") -> 0 | E33: =COUNTIFS(Database!$N$5:$N$439,"TETAP",Database!$V$5:$V$439,"MEDAN") -> 0 | F33: =COUNTIFS(Database!$N$5:$N$439,"PKWT",Database!$V$5:$V$439,"MEDAN") -> 0 | G33: =SUM(C33:F33) -> 0
A34: 17 | B34: Surabaya | C34: =COUNTIFS(Database!$N$5:$N$439,"Direksi",Database!$V$5:$V$439,"SURABAYA") -> 0 | D34: =COUNTIFS(Database!$N$5:$N$439,"ORGANIK",Database!$V$5:$V$439,"SURABAYA") -> 0 | E34: =COUNTIFS(Database!$N$5:$N$439,"TETAP",Database!$V$5:$V$439,"SURABAYA") -> 0 | F34: =COUNTIFS(Database!$N$5:$N$439,"PKWT",Database!$V$5:$V$439,"SURABAYA") -> 0 | G34: =SUM(C34:F34) -> 0
A35: 18 | B35: Banyuwangi | C35: =COUNTIFS(Database!$N$5:$N$439,"Direksi",Database!$V$5:$V$439,"BANYUWANGI") -> 0 | D35: =COUNTIFS(Database!$N$5:$N$439,"ORGANIK",Database!$V$5:$V$439,"BANYUWANGI") -> 0 | E35: =COUNTIFS(Database!$N$5:$N$439,"TETAP",Database!$V$5:$V$439,"BANYUWANGI") -> 0 | F35: =COUNTIFS(Database!$N$5:$N$439,"PKWT",Database!$V$5:$V$439,"BANYUWANGI") -> 0 | G35: =SUM(C35:F35) -> 0
A36: 19 | B36: Yogyakarta | C36: =COUNTIFS(Database!$N$5:$N$439,"Direksi",Database!$V$5:$V$439,"yogyakarta") -> 0 | D36: =COUNTIFS(Database!$N$5:$N$439,"ORGANIK",Database!$V$5:$V$439,"yogyakarta") -> 0 | E36: =COUNTIFS(Database!$N$5:$N$439,"TETAP",Database!$V$5:$V$439,"yogyakarta") -> 0 | F36: =COUNTIFS(Database!$N$5:$N$439,"PKWT",Database!$V$5:$V$439,"yogyakarta") -> 0 | G36: =SUM(C36:F36) -> 0
A37: TOTAL | C37: =SUM(C19:C36) -> 0 | D37: =SUM(D19:D36) -> 0 | E37: =SUM(E19:E36) -> 0 | F37: =SUM(F19:F36) -> 0 | G37: =SUM(G19:G36) -> 0
A40: No | B40: Proyek | C40: Golongan | F40: Jumlah
C41: Organik INKA | D41: IMSS Tetap | E41: PKWT
A42: 1 | B42: 5R | C42: =COUNTIFS(Database!$N$5:$N$439,"ORGANIK",Database!$X$5:$X$439,"5R") -> 0 | D42: =COUNTIFS(Database!$N$5:$N$439,"TETAP",Database!$X$5:$X$439,"5R") -> 0 | E42: =COUNTIFS(Database!$N$5:$N$439,"PKWT",Database!$X$5:$X$439,"5R") -> 0 | F42: =SUM(C42:E42) -> 0
A43: 2 | B43: AC | C43: =COUNTIFS(Database!$N$5:$N$439,"ORGANIK",Database!$X$5:$X$439,"AC") -> 0 | D43: =COUNTIFS(Database!$N$5:$N$439,"TETAP",Database!$X$5:$X$439,"AC") -> 0 | E43: =COUNTIFS(Database!$N$5:$N$439,"PKWT",Database!$X$5:$X$439,"AC") -> 0 | F43: =SUM(C43:E43) -> 0
A44: 3 | B44: Aftersales 612 Jogja | C44: =COUNTIFS(Database!$N$5:$N$439,"ORGANIK",Database!$X$5:$X$439,"Aftersales 612 Jogja") -> 0 | D44: =COUNTIFS(Database!$N$5:$N$439,"TETAP",Database!$X$5:$X$439,"Aftersales 612 Jogja") -> 0 | E44: =COUNTIFS(Database!$N$5:$N$439,"PKWT",Database!$X$5:$X$439,"Aftersales 612 Jogja") -> 0 | F44: =SUM(C44:E44) -> 0
A45: 4 | B45: Aftersales 612 Malang | C45: =COUNTIFS(Database!$N$5:$N$439,"ORGANIK",Database!$X$5:$X$439,"Aftersales 612 Malang") -> 0 | D45: =COUNTIFS(Database!$N$5:$N$439,"TETAP",Database!$X$5:$X$439,"Aftersales 612 Malang") -> 0 | E45: =COUNTIFS(Database!$N$5:$N$439,"PKWT",Database!$X$5:$X$439,"Aftersales 612 Malang") -> 0 | F45: =SUM(C45:E45) -> 0
A46: 5 | B46: Aftersales 612 Solo | C46: =COUNTIFS(Database!$N$5:$N$439,"ORGANIK",Database!$X$5:$X$439,"Aftersales 612 Solo") -> 0 | D46: =COUNTIFS(Database!$N$5:$N$439,"TETAP",Database!$X$5:$X$439,"Aftersales 612 Solo") -> 0 | E46: =COUNTIFS(Database!$N$5:$N$439,"PKWT",Database!$X$5:$X$439,"Aftersales 612 Solo") -> 0 | F46: =SUM(C46:E46) -> 0
A47: 6 | B47: Aftersales 612 Surabaya | C47: =COUNTIFS(Database!$N$5:$N$439,"ORGANIK",Database!$X$5:$X$439,"Aftersales 612 Surabaya") -> 0 | D47: =COUNTIFS(Database!$N$5:$N$439,"TETAP",Database!$X$5:$X$439,"Aftersales 612 Surabaya") -> 0 | E47: =COUNTIFS(Database!$N$5:$N$439,"PKWT",Database!$X$5:$X$439,"Aftersales 612 Surabaya") -> 0 | F47: =SUM(C47:E47) -> 0
A48: 7 | B48: Aftersales GGW TEL | C48: =COUNTIFS(Database!$N$5:$N$439,"ORGANIK",Database!$X$5:$X$439,"Aftersales GGW TEL") -> 0 | D48: =COUNTIFS(Database!$N$5:$N$439,"TETAP",Database!$X$5:$X$439,"Aftersales GGW TEL") -> 0 | E48: =COUNTIFS(Database!$N$5:$N$439,"PKWT",Database!$X$5:$X$439,"Aftersales GGW TEL") -> 0 | F48: =SUM(C48:E48) -> 0
A49: 8 | B49: Aftersales KRDE Makassar-Parepare | C49: =COUNTIFS(Database!$N$5:$N$439,"ORGANIK",Database!$X$5:$X$439,"Aftersales KRDE Makassar-Parepare") -> 0 | D49: =COUNTIFS(Database!$N$5:$N$439,"TETAP",Database!$X$5:$X$439,"Aftersales KRDE Makassar-Parepare") -> 0 | E49: =COUNTIFS(Database!$N$5:$N$439,"PKWT",Database!$X$5:$X$439,"Aftersales KRDE Makassar-Parepare") -> 0 | F49: =SUM(C49:E49) -> 0
A50: 9 | B50: Akuntansi | C50: =COUNTIFS(Database!$N$5:$N$439,"ORGANIK",Database!$X$5:$X$439,"Akuntansi") -> 0 | D50: =COUNTIFS(Database!$N$5:$N$439,"TETAP",Database!$X$5:$X$439,"Akuntansi") -> 0 | E50: =COUNTIFS(Database!$N$5:$N$439,"PKWT",Database!$X$5:$X$439,"Akuntansi") -> 0 | F50: =SUM(C50:E50) -> 0
A51: 10 | B51: Banyuwangi | C51: =COUNTIFS(Database!$N$5:$N$439,"ORGANIK",Database!$X$5:$X$439,"Banyuwangi") -> 0 | D51: =COUNTIFS(Database!$N$5:$N$439,"TETAP",Database!$X$5:$X$439,"Banyuwangi") -> 0 | E51: =COUNTIFS(Database!$N$5:$N$439,"PKWT",Database!$X$5:$X$439,"Banyuwangi") -> 0 | F51: =SUM(C51:E51) -> 0
A52: 11 | B52: Bogie | C52: =COUNTIFS(Database!$N$5:$N$439,"ORGANIK",Database!$X$5:$X$439,"Bogie") -> 0 | D52: =COUNTIFS(Database!$N$5:$N$439,"TETAP",Database!$X$5:$X$439,"Bogie") -> 0 | E52: =COUNTIFS(Database!$N$5:$N$439,"PKWT",Database!$X$5:$X$439,"Bogie") -> 0 | F52: =SUM(C52:E52) -> 0
A53: 12 | B53: Bus Bandung | C53: =COUNTIFS(Database!$N$5:$N$439,"ORGANIK",Database!$X$5:$X$439,"Bus Bandung") -> 0 | D53: =COUNTIFS(Database!$N$5:$N$439,"TETAP",Database!$X$5:$X$439,"Bus Bandung") -> 0 | E53: =COUNTIFS(Database!$N$5:$N$439,"PKWT",Database!$X$5:$X$439,"Bus Bandung") -> 0 | F53: =SUM(C53:E53) -> 0
A54: 13 | B54: Bus Surabaya | C54: =COUNTIFS(Database!$N$5:$N$439,"ORGANIK",Database!$X$5:$X$439,"Bus Surabaya") -> 0 | D54: =COUNTIFS(Database!$N$5:$N$439,"TETAP",Database!$X$5:$X$439,"Bus Surabaya") -> 0 | E54: =COUNTIFS(Database!$N$5:$N$439,"PKWT",Database!$X$5:$X$439,"Bus Surabaya") -> 0 | F54: =SUM(C54:E54) -> 0
A55: 14 | B55: Cut Meutia | C55: =COUNTIFS(Database!$N$5:$N$439,"ORGANIK",Database!$X$5:$X$439,"Cut Meutia") -> 0 | D55: =COUNTIFS(Database!$N$5:$N$439,"TETAP",Database!$X$5:$X$439,"Cut Meutia") -> 0 | E55: =COUNTIFS(Database!$N$5:$N$439,"PKWT",Database!$X$5:$X$439,"Cut Meutia") -> 0 | F55: =SUM(C55:E55) -> 0
A56: 15 | B56: DIREKSI | C56: =COUNTIFS(Database!$N$5:$N$439,"ORGANIK",Database!$X$5:$X$439,"DIREKSI") -> 0 | D56: =COUNTIFS(Database!$N$5:$N$439,"TETAP",Database!$X$5:$X$439,"DIREKSI") -> 0 | E56: =COUNTIFS(Database!$N$5:$N$439,"PKWT",Database!$X$5:$X$439,"DIREKSI") -> 0 | F56: =SUM(C56:E56) -> 0
A57: 16 | B57: Gudang | C57: =COUNTIFS(Database!$N$5:$N$439,"ORGANIK",Database!$X$5:$X$439,"Gudang") -> 0 | D57: =COUNTIFS(Database!$N$5:$N$439,"TETAP",Database!$X$5:$X$439,"Gudang") -> 0 | E57: =COUNTIFS(Database!$N$5:$N$439,"PKWT",Database!$X$5:$X$439,"Gudang") -> 0 | F57: =SUM(C57:E57) -> 0
A58: 17 | B58: Keuangan | C58: =COUNTIFS(Database!$N$5:$N$439,"ORGANIK",Database!$X$5:$X$439,"keuangan") -> 0 | D58: =COUNTIFS(Database!$N$5:$N$439,"TETAP",Database!$X$5:$X$439,"keuangan") -> 0 | E58: =COUNTIFS(Database!$N$5:$N$439,"PKWT",Database!$X$5:$X$439,"keuangan") -> 0 | F58: =SUM(C58:E58) -> 0
A59: 18 | B59: KRL KfW | C59: =COUNTIFS(Database!$N$5:$N$439,"ORGANIK",Database!$X$5:$X$439,"KRL KFW") -> 0 | D59: =COUNTIFS(Database!$N$5:$N$439,"TETAP",Database!$X$5:$X$439,"KRL KFW") -> 0 | E59: =COUNTIFS(Database!$N$5:$N$439,"PKWT",Database!$X$5:$X$439,"KRL KFW") -> 0 | F59: =SUM(C59:E59) -> 0
A60: 19 | B60: KRL Soetta | C60: =COUNTIFS(Database!$N$5:$N$439,"ORGANIK",Database!$X$5:$X$439,"KRL soetta") -> 0 | D60: =COUNTIFS(Database!$N$5:$N$439,"TETAP",Database!$X$5:$X$439,"KRL soetta") -> 0 | E60: =COUNTIFS(Database!$N$5:$N$439,"PKWT",Database!$X$5:$X$439,"KRL soetta") -> 0 | F60: =SUM(C60:E60) -> 0
A61: 20 | B61: Listrik | C61: =COUNTIFS(Database!$N$5:$N$439,"ORGANIK",Database!$X$5:$X$439,"Listrik") -> 0 | D61: =COUNTIFS(Database!$N$5:$N$439,"TETAP",Database!$X$5:$X$439,"Listrik") -> 0 | E61: =COUNTIFS(Database!$N$5:$N$439,"PKWT",Database!$X$5:$X$439,"Listrik") -> 0 | F61: =SUM(C61:E61) -> 0
A62: 21 | B62: Logistik | C62: =COUNTIFS(Database!$N$5:$N$439,"ORGANIK",Database!$X$5:$X$439,"Logistik") -> 0 | D62: =COUNTIFS(Database!$N$5:$N$439,"TETAP",Database!$X$5:$X$439,"Logistik") -> 0 | E62: =COUNTIFS(Database!$N$5:$N$439,"PKWT",Database!$X$5:$X$439,"Logistik") -> 0 | F62: =SUM(C62:E62) -> 0
A63: 22 | B63: LRT Jabo Aftersales | C63: =COUNTIFS(Database!$N$5:$N$439,"ORGANIK",Database!$X$5:$X$439,"LRT Jabo Aftersales") -> 0 | D63: =COUNTIFS(Database!$N$5:$N$439,"TETAP",Database!$X$5:$X$439,"LRT Jabo Aftersales") -> 0 | E63: =COUNTIFS(Database!$N$5:$N$439,"PKWT",Database!$X$5:$X$439,"LRT Jabo Aftersales") -> 0 | F63: =SUM(C63:E63) -> 0
A64: 23 | B64: LRT Jabo Helper | C64: =COUNTIFS(Database!$N$5:$N$439,"ORGANIK",Database!$X$5:$X$439,"LRT Jabo Helper") -> 0 | D64: =COUNTIFS(Database!$N$5:$N$439,"TETAP",Database!$X$5:$X$439,"LRT Jabo Helper") -> 0 | E64: =COUNTIFS(Database!$N$5:$N$439,"PKWT",Database!$X$5:$X$439,"LRT Jabo Helper") -> 0 | F64: =SUM(C64:E64) -> 0
A65: 24 | B65: LRT Palembang | C65: =COUNTIFS(Database!$N$5:$N$439,"ORGANIK",Database!$X$5:$X$439,"LRT Palembang") -> 0 | D65: =COUNTIFS(Database!$N$5:$N$439,"TETAP",Database!$X$5:$X$439,"LRT Palembang") -> 0 | E65: =COUNTIFS(Database!$N$5:$N$439,"PKWT",Database!$X$5:$X$439,"LRT Palembang") -> 0 | F65: =SUM(C65:E65) -> 0
A66: 25 | B66: MRO | C66: =COUNTIFS(Database!$N$5:$N$439,"ORGANIK",Database!$X$5:$X$439,"MRO") -> 0 | D66: =COUNTIFS(Database!$N$5:$N$439,"TETAP",Database!$X$5:$X$439,"MRO") -> 0 | E66: =COUNTIFS(Database!$N$5:$N$439,"PKWT",Database!$X$5:$X$439,"MRO") -> 0 | F66: =SUM(C66:E66) -> 0
A67: 26 | B67: Op Forklift | C67: =COUNTIFS(Database!$N$5:$N$439,"ORGANIK",Database!$X$5:$X$439,"Op Forklift") -> 0 | D67: =COUNTIFS(Database!$N$5:$N$439,"TETAP",Database!$X$5:$X$439,"Op Forklift") -> 0 | E67: =COUNTIFS(Database!$N$5:$N$439,"PKWT",Database!$X$5:$X$439,"Op Forklift") -> 0 | F67: =SUM(C67:E67) -> 0
A68: 27 | B68: Pemasaran | C68: =COUNTIFS(Database!$N$5:$N$439,"ORGANIK",Database!$X$5:$X$439,"pemasaran") -> 0 | D68: =COUNTIFS(Database!$N$5:$N$439,"TETAP",Database!$X$5:$X$439,"pemasaran") -> 0 | E68: =COUNTIFS(Database!$N$5:$N$439,"PKWT",Database!$X$5:$X$439,"pemasaran") -> 0 | F68: =SUM(C68:E68) -> 0
A69: 28 | B69: Pengelolaan Proyek Wilayah I | C69: =COUNTIFS(Database!$N$5:$N$439,"ORGANIK",Database!$X$5:$X$439,"Pengelolaan Proyek Wilayah I") -> 0 | D69: =COUNTIFS(Database!$N$5:$N$439,"TETAP",Database!$X$5:$X$439,"Pengelolaan Proyek Wilayah I") -> 0 | E69: =COUNTIFS(Database!$N$5:$N$439,"PKWT",Database!$X$5:$X$439,"Pengelolaan Proyek Wilayah I") -> 0 | F69: =SUM(C69:E69) -> 0
A70: 29 | B70: Pengelolaan Proyek Wilayah II | C70: =COUNTIFS(Database!$N$5:$N$439,"ORGANIK",Database!$X$5:$X$439,"Pengelolaan Proyek Wilayah II") -> 0 | D70: =COUNTIFS(Database!$N$5:$N$439,"TETAP",Database!$X$5:$X$439,"Pengelolaan Proyek Wilayah II") -> 0 | E70: =COUNTIFS(Database!$N$5:$N$439,"PKWT",Database!$X$5:$X$439,"Pengelolaan Proyek Wilayah II") -> 0 | F70: =SUM(C70:E70) -> 0
A71: 30 | B71: Perawatan KRDE Makassar- Parepare | C71: =COUNTIFS(Database!$N$5:$N$439,"ORGANIK",Database!$X$5:$X$439,"Perawatan KRDE Makassar- Parepare") -> 0 | D71: =COUNTIFS(Database!$N$5:$N$439,"TETAP",Database!$X$5:$X$439,"Perawatan KRDE Makassar- Parepare") -> 0 | E71: =COUNTIFS(Database!$N$5:$N$439,"PKWT",Database!$X$5:$X$439,"Perawatan KRDE Makassar- Parepare") -> 0 | F71: =SUM(C71:E71) -> 0
A72: 31 | B72: PMU | C72: =COUNTIFS(Database!$N$5:$N$439,"ORGANIK",Database!$X$5:$X$439,"pmu") -> 0 | D72: =COUNTIFS(Database!$N$5:$N$439,"TETAP",Database!$X$5:$X$439,"pmu") -> 0 | E72: =COUNTIFS(Database!$N$5:$N$439,"PKWT",Database!$X$5:$X$439,"pmu") -> 0 | F72: =SUM(C72:E72) -> 0
A73: 32 | B73: QC | C73: =COUNTIFS(Database!$N$5:$N$439,"ORGANIK",Database!$X$5:$X$439,"qc") -> 0 | D73: =COUNTIFS(Database!$N$5:$N$439,"TETAP",Database!$X$5:$X$439,"qc") -> 0 | E73: =COUNTIFS(Database!$N$5:$N$439,"PKWT",Database!$X$5:$X$439,"qc") -> 0 | F73: =SUM(C73:E73) -> 0
A74: 33 | B74: QC INKA | C74: =COUNTIFS(Database!$N$5:$N$439,"ORGANIK",Database!$X$5:$X$439,"qc inka") -> 0 | D74: =COUNTIFS(Database!$N$5:$N$439,"TETAP",Database!$X$5:$X$439,"qc inka") -> 0 | E74: =COUNTIFS(Database!$N$5:$N$439,"PKWT",Database!$X$5:$X$439,"qc inka") -> 0 | F74: =SUM(C74:E74) -> 0
A75: 34 | B75: RB Bathara Kresna | C75: =COUNTIFS(Database!$N$5:$N$439,"ORGANIK",Database!$X$5:$X$439,"RB Bathara Kresna") -> 0 | D75: =COUNTIFS(Database!$N$5:$N$439,"TETAP",Database!$X$5:$X$439,"RB Bathara Kresna") -> 0 | E75: =COUNTIFS(Database!$N$5:$N$439,"PKWT",Database!$X$5:$X$439,"RB Bathara Kresna") -> 0 | F75: =SUM(C75:E75) -> 0
A76: 35 | B76: RB Lembah Anai | C76: =COUNTIFS(Database!$N$5:$N$439,"ORGANIK",Database!$X$5:$X$439,"RB Lembah Anai") -> 0 | D76: =COUNTIFS(Database!$N$5:$N$439,"TETAP",Database!$X$5:$X$439,"RB Lembah Anai") -> 0 | E76: =COUNTIFS(Database!$N$5:$N$439,"PKWT",Database!$X$5:$X$439,"RB Lembah Anai") -> 0 | F76: =SUM(C76:E76) -> 0
A77: 36 | B77: RENDAL PPA | C77: =COUNTIFS(Database!$N$5:$N$439,"ORGANIK",Database!$X$5:$X$439,"rendal ppa") -> 0 | D77: =COUNTIFS(Database!$N$5:$N$439,"TETAP",Database!$X$5:$X$439,"rendal ppa") -> 0 | E77: =COUNTIFS(Database!$N$5:$N$439,"PKWT",Database!$X$5:$X$439,"rendal ppa") -> 0 | F77: =SUM(C77:E77) -> 0
A78: 37 | B78: SDM dan Umum | C78: =COUNTIFS(Database!$N$5:$N$439,"ORGANIK",Database!$X$5:$X$439,"SDM dan Umum") -> 0 | D78: =COUNTIFS(Database!$N$5:$N$439,"TETAP",Database!$X$5:$X$439,"SDM dan Umum") -> 0 | E78: =COUNTIFS(Database!$N$5:$N$439,"PKWT",Database!$X$5:$X$439,"SDM dan Umum") -> 0 | F78: =SUM(C78:E78) -> 0
A79: 38 | B79: Sekper, Legal dan Tata Kelola | C79: =COUNTIFS(Database!$N$5:$N$439,"ORGANIK",Database!$X$5:$X$439,"Sekper, Legal dan Tata Kelola") -> 0 | D79: =COUNTIFS(Database!$N$5:$N$439,"TETAP",Database!$X$5:$X$439,"Sekper, Legal dan Tata Kelola") -> 0 | E79: =COUNTIFS(Database!$N$5:$N$439,"PKWT",Database!$X$5:$X$439,"Sekper, Legal dan Tata Kelola") -> 0 | F79: =SUM(C79:E79) -> 0
A80: 39 | B80: Sipil | C80: =COUNTIFS(Database!$N$5:$N$439,"ORGANIK",Database!$X$5:$X$439,"sipil") -> 0 | D80: =COUNTIFS(Database!$N$5:$N$439,"TETAP",Database!$X$5:$X$439,"sipil") -> 0 | E80: =COUNTIFS(Database!$N$5:$N$439,"PKWT",Database!$X$5:$X$439,"sipil") -> 0 | F80: =SUM(C80:E80) -> 0
A81: 40 | B81: SMK3 | C81: =COUNTIFS(Database!$N$5:$N$439,"ORGANIK",Database!$X$5:$X$439,"smk3") -> 0 | D81: =COUNTIFS(Database!$N$5:$N$439,"TETAP",Database!$X$5:$X$439,"smk3") -> 0 | E81: =COUNTIFS(Database!$N$5:$N$439,"PKWT",Database!$X$5:$X$439,"smk3") -> 0 | F81: =SUM(C81:E81) -> 0
A82: 41 | B82: SPI | C82: =COUNTIFS(Database!$N$5:$N$439,"ORGANIK",Database!$X$5:$X$439,"spi") -> 0 | D82: =COUNTIFS(Database!$N$5:$N$439,"TETAP",Database!$X$5:$X$439,"spi") -> 0 | E82: =COUNTIFS(Database!$N$5:$N$439,"PKWT",Database!$X$5:$X$439,"spi") -> 0 | F82: =SUM(C82:E82) -> 0
A83: 42 | B83: TA BIAS | C83: =COUNTIFS(Database!$N$5:$N$439,"ORGANIK",Database!$X$5:$X$439,"ta bias") -> 0 | D83: =COUNTIFS(Database!$N$5:$N$439,"TETAP",Database!$X$5:$X$439,"ta bias") -> 0 | E83: =COUNTIFS(Database!$N$5:$N$439,"PKWT",Database!$X$5:$X$439,"ta bias") -> 0 | F83: =SUM(C83:E83) -> 0
A84: 43 | B84: Teklog | C84: =COUNTIFS(Database!$N$5:$N$439,"ORGANIK",Database!$X$5:$X$439,"teklog") -> 0 | D84: =COUNTIFS(Database!$N$5:$N$439,"TETAP",Database!$X$5:$X$439,"teklog") -> 0 | E84: =COUNTIFS(Database!$N$5:$N$439,"PKWT",Database!$X$5:$X$439,"teklog") -> 0 | F84: =SUM(C84:E84) -> 0
A85: 44 | B85: Teknik | C85: =COUNTIFS(Database!$N$5:$N$439,"ORGANIK",Database!$X$5:$X$439,"Teknik") -> 0 | D85: =COUNTIFS(Database!$N$5:$N$439,"TETAP",Database!$X$5:$X$439,"Teknik") -> 0 | E85: =COUNTIFS(Database!$N$5:$N$439,"PKWT",Database!$X$5:$X$439,"Teknik") -> 0 | F85: =SUM(C85:E85) -> 0
A86: 45 | B86: Teknik dan Logistik | C86: =COUNTIFS(Database!$N$5:$N$439,"ORGANIK",Database!$X$5:$X$439,"Teknik dan Logistik") -> 0 | D86: =COUNTIFS(Database!$N$5:$N$439,"TETAP",Database!$X$5:$X$439,"Teknik dan Logistik") -> 0 | E86: =COUNTIFS(Database!$N$5:$N$439,"PKWT",Database!$X$5:$X$439,"Teknik dan Logistik") -> 0 | F86: =SUM(C86:E86) -> 0
A87: 46 | B87: Wilayah I | C87: =COUNTIFS(Database!$N$5:$N$439,"ORGANIK",Database!$X$5:$X$439,"Wilayah I") -> 0 | D87: =COUNTIFS(Database!$N$5:$N$439,"TETAP",Database!$X$5:$X$439,"Wilayah I") -> 0 | E87: =COUNTIFS(Database!$N$5:$N$439,"PKWT",Database!$X$5:$X$439,"Wilayah I") -> 0 | F87: =SUM(C87:E87) -> 0
A88: 47 | B88: Wilayah II | C88: =COUNTIFS(Database!$N$5:$N$439,"ORGANIK",Database!$X$5:$X$439,"Wilayah II") -> 0 | D88: =COUNTIFS(Database!$N$5:$N$439,"TETAP",Database!$X$5:$X$439,"Wilayah II") -> 0 | E88: =COUNTIFS(Database!$N$5:$N$439,"PKWT",Database!$X$5:$X$439,"Wilayah II") -> 0 | F88: =SUM(C88:E88) -> 0
A89: 48 | B89: Aftersales 612 Jakarta | C89: =COUNTIFS(Database!$N$5:$N$439,"ORGANIK",Database!$X$5:$X$439,"Aftersales 612 Jakarta") -> 0 | D89: =COUNTIFS(Database!$N$5:$N$439,"TETAP",Database!$X$5:$X$439,"Aftersales 612 Jakarta") -> 0 | E89: =COUNTIFS(Database!$N$5:$N$439,"PKWT",Database!$X$5:$X$439,"Aftersales 612 Jakarta") -> 0 | F89: =SUM(C89:E89) -> 0
A90: 49 | B90: LRT Jabo VM Helper Testing | C90: =COUNTIFS(Database!$N$5:$N$439,"ORGANIK",Database!$X$5:$X$439,"LRT Jabo VM Helper Testing") -> 0 | D90: =COUNTIFS(Database!$N$5:$N$439,"TETAP",Database!$X$5:$X$439,"LRT Jabo VM Helper Testing") -> 0 | E90: =COUNTIFS(Database!$N$5:$N$439,"PKWT",Database!$X$5:$X$439,"LRT Jabo VM Helper Testing") -> 0 | F90: =SUM(C90:E90) -> 0
A91: 50 | B91: SMN loko Administrasi | C91: =COUNTIFS(Database!$N$5:$N$439,"ORGANIK",Database!$X$5:$X$439,"SMN loko Administrasi") -> 0 | D91: =COUNTIFS(Database!$N$5:$N$439,"TETAP",Database!$X$5:$X$439,"SMN loko Administrasi") -> 0 | E91: =COUNTIFS(Database!$N$5:$N$439,"PKWT",Database!$X$5:$X$439,"SMN loko Administrasi") -> 0 | F91: =SUM(C91:E91) -> 0
A92: 51 | B92: SMN Loko Jakarta | C92: =COUNTIFS(Database!$N$5:$N$439,"ORGANIK",Database!$X$5:$X$439,"SMN Loko Jakarta") -> 0 | D92: =COUNTIFS(Database!$N$5:$N$439,"TETAP",Database!$X$5:$X$439,"SMN Loko Jakarta") -> 0 | E92: =COUNTIFS(Database!$N$5:$N$439,"PKWT",Database!$X$5:$X$439,"SMN Loko Jakarta") -> 0 | F92: =SUM(C92:E92) -> 0
A93: 52 | B93: SMN Loko Lampung | C93: =COUNTIFS(Database!$N$5:$N$439,"ORGANIK",Database!$X$5:$X$439,"SMN Loko Lampung") -> 0 | D93: =COUNTIFS(Database!$N$5:$N$439,"TETAP",Database!$X$5:$X$439,"SMN Loko Lampung") -> 0 | E93: =COUNTIFS(Database!$N$5:$N$439,"PKWT",Database!$X$5:$X$439,"SMN Loko Lampung") -> 0 | F93: =SUM(C93:E93) -> 0
A94: 53 | B94: SMN Loko Medan | C94: =COUNTIFS(Database!$N$5:$N$439,"ORGANIK",Database!$X$5:$X$439,"SMN Loko Medan") -> 0 | D94: =COUNTIFS(Database!$N$5:$N$439,"TETAP",Database!$X$5:$X$439,"SMN Loko Medan") -> 0 | E94: =COUNTIFS(Database!$N$5:$N$439,"PKWT",Database!$X$5:$X$439,"SMN Loko Medan") -> 0 | F94: =SUM(C94:E94) -> 0
A95: 54 | B95: SMN Loko Purwodadi | C95: =COUNTIFS(Database!$N$5:$N$439,"ORGANIK",Database!$X$5:$X$439,"SMN Loko Purwodadi") -> 0 | D95: =COUNTIFS(Database!$N$5:$N$439,"TETAP",Database!$X$5:$X$439,"SMN Loko Purwodadi") -> 0 | E95: =COUNTIFS(Database!$N$5:$N$439,"PKWT",Database!$X$5:$X$439,"SMN Loko Purwodadi") -> 0 | F95: =SUM(C95:E95) -> 0
A96: 55 | B96: STRUKTURAL & FUNGSIONAL | C96: =COUNTIFS(Database!$N$5:$N$439,"ORGANIK",Database!$X$5:$X$439,"STRUKTURAL & FUNGSIONAL") -> 0 | D96: =COUNTIFS(Database!$N$5:$N$439,"TETAP",Database!$X$5:$X$439,"STRUKTURAL & FUNGSIONAL") -> 0 | E96: =COUNTIFS(Database!$N$5:$N$439,"PKWT",Database!$X$5:$X$439,"STRUKTURAL & FUNGSIONAL") -> 0 | F96: =SUM(C96:E96) -> 0
F97: =SUM(F42:F96) -> 0
A99: Berdasarkan Jenis Kelamin
A100: No | B100: Golongan | C100: Laki-Laki | D100: Perempuan | E100: Total
A101: 1 | B101: Direksi | C101: =COUNTIFS(Database!$N$5:$N$439,"Direksi",Database!$AC$5:$AC$439,"Laki-laki") -> 0 | D101: =COUNTIFS(Database!$N$5:$N$439,"Direksi",Database!$AC$5:$AC$439,"Perempuan") -> 0 | E101: =SUM(C101:D101) -> 0 | F101: =E101/$E$105*100% -> #DIV/0!
A102: 2 | B102: Organik INKA | C102: =COUNTIFS(Database!$N$5:$N$439,"ORGANIK",Database!$AC$5:$AC$439,"Laki-laki") -> 0 | D102: =COUNTIFS(Database!$N$5:$N$439,"ORGANIK",Database!$AC$5:$AC$439,"Perempuan") -> 0 | E102: =SUM(C102:D102) -> 0 | F102: =E102/$E$105*100% -> #DIV/0!
A103: 3 | B103: IMSS Tetap | C103: =COUNTIFS(Database!$N$5:$N$439,"TETAP",Database!$AC$5:$AC$439,"Laki-laki") -> 0 | D103: =COUNTIFS(Database!$N$5:$N$439,"TETAP",Database!$AC$5:$AC$439,"Perempuan") -> 0 | E103: =SUM(C103:D103) -> 0 | F103: =E103/$E$105*100% -> #DIV/0! | K103: Organik INKA | L103: ( | M103: 19 | N103: ) | O103: 0.048101266
A104: 5 | B104: IMSS PKWT | C104: =COUNTIFS(Database!$N$5:$N$439,"PKWT",Database!$AC$5:$AC$439,"Laki-laki") -> 0 | D104: =COUNTIFS(Database!$N$5:$N$439,"PKWT",Database!$AC$5:$AC$439,"Perempuan") -> 0 | E104: =SUM(C104:D104) -> 0 | F104: =E104/$E$105*100% -> #DIV/0! | K104: IMSS Tetap | L104: ( | M104: 57 | N104: ) | O104: 0.1443038
B105: Total | C105: =SUM(C101:C104) -> 0 | D105: =SUM(D101:D104) -> 0 | E105: =C105+D105 -> 0 | K105: IMSS PKWT | L105: ( | M105: 319 | N105: ) | O105: 0.80759494
A107: Karyawan IMSS Berdasarkan Jabatan Jenis Kelamin
A108: No | B108: Golongan | C108: Laki-Laki | D108: Perempuan | E108: Total
...

Sheet Sheet1
A1: No | B1: KH hari | C1: Nama | D1: NIP Aktif | E1: Rekening Mandiri | F1: Rekening BSI | G1: Rekrutmen | H1: Domisili | I1: Tgl Masuk/ Mutasi | J1: Masa Kerja (Tahun) | K1: Masa Kerja (Bulan) | L1: Status Pegawai | M1: Karyawan | N1: SK Pengangkatan/ Mutasi/ No Kontrak | O1: Tgl. Pengangkatan/ Akhir Kontrak | P1: Jabatan INKA | Q1: Jabatan IMSS | R1: Column2 | S1: Administrasi/ Teknisi | T1: Kota/Lokasi Kerja | U1: Bagian / Proyek | V1: Departemen / Sub Proyek | W1: Divisi | X1: Direktorat | Y1: Sertifikat | Z1: Surat Peringatan Terakhir | AA1: Jenis Kelamin | AB1: Tempat Lahir | AC1: Tgl Lahir | AD1: Usia | AE1: No. KTP | AF1: Alamat | AG1: No. HP | AH1: No Whatsapp | AI1: No Linkaja | AJ1: Email | AK1: BPJS Kes | AL1: BPJS TK | AM1: Status Pernikahan | AN1: Suami/Istri | AO1: Anak 1 | AP1: Anak 2 | AQ1: Anak 3 | AR1: Tambahan | AS1: Ayah Kandung | AT1: Ibu Kandung | AU1: Ayah Mertua | AV1: Ibu Mertua | AW1: Jumlah Tanggungan | AX1: Status Pajak | AY1: Column1 | AZ1: NPWP | BA1: Agama | BB1: Pend Diakui | BC1: Jurusan | BD1: Almamater | BE1: Tahun Lulus | BF1: Pend. Terakhir | BG1: Jurusan Terakhir | BH1: Almamater Terakhir | BI1: Tahun Lulus2 | BJ1: MPP | BK1: Pensiun | BL1: Ukuran Baju (Huruf) | BM1: Ukuran Celana (Huruf) | BN1: Ukuran Sepatu (Angka) | BO1: Vaksin I | BP1: Vaksin II | BQ1: Vaksin III | BR1: No Kontrak | BS1: Awal | BT1: Akhir | BU1: PB I | BV1: No Kontrak2 | BW1: Awal2 | BX1: Akhir2 | BY1: PB II | BZ1: No Kontrak3 | CA1: Awal3 | CB1: Akhir3 | CC1: PB III | CD1: Column3
A2: 370 | B2: #NUM! | C2: REZA KRISTI OKTAVIA | D2: 642402188 | E2: 1710002115122 | G2: Madiun | H2: Madiun | I2: 45323 | J2: 0 | K2: 11 | L2: PKWT | M2: IMSS | O2: 45657 | Q2: Staff | R2: STAF | S2: Administrasi | T2: IMSS | U2: Keuangan | V2: Keuangan | W2: Keuangan | X2: Keuangan SDM dan Manajemen Risiko | AA2: Perempuan | AB2: Madiun | AC2: 35730 | AD2: 27 | AE2: 351909671097000 5 | AF2: Ds. Sambirejo RT. 015 RW. 006, Kec. Jiwan, Kab. Madiun | AG2: 0896 3247 8213 | AH2: 0896 3247 8213 | AJ2: rezakristy51@gmail.com | AK2: 0002085834104 | AL2: 16044462691 | AM2: Menikah | AN2: AUDIT FEBRIANANDA YULIA | AT2: SUMINAH | AW2: 0 | AX2: K/0 | AZ2: 63.474.922.0-621.000 | BA2: Islam | BB2: S1 | BC2: Akuntansi | BD2: Universitas PGRI Madiun | BE2: 2023 | BF2: S1 | BG2: Akuntansi | BH2: Universitas PGRI Madiun | BI2: 2023 | BL2: 16 | BM2: 34 | BN2: 37
A3: 368 | B3: #NUM! | C3: VIKI DIDIK PRASETYO | D3: 642401204 | E3: 1710010882663 | G3: Madiun | H3: Magetan | I3: 45292 | J3: 1 | K3: 0 | L3: PKWT | M3: IMSS | O3: 45657 | Q3: Staff | R3: STAF | S3: Teknisi | T3: INKA | U3: INKA | V3: Pemeliharaan Fasilitas Listrik | W3: Pengelolaan dan Pengendalian Aset INKA | X3: Operasi | AA3: Laki-Laki | AB3: Magetan | AC3: 37217 | AD3: 23 | AE3: 352004271101000 1 | AF3: Banaran 018/003 Kel Kerik Kec Takeran Kab Magetan | AG3: 62 898-6395-026 | AJ3: Masp2211@gmail.com | AK3: 0000738923951 | AL3: 22023994100 | AM3: Belum Menikah | AS3: SUWARNO | AT3: KARMI | AW3: 0 | AX3: TK/0 | BA3: Islam | BB3: SMK | BC3: Teknik Pemesinan | BD3: SMK PSM 2 Takeran Magetan | BE3: 2019 | BF3: SMK | BG3: Teknik Pemesinan | BH3: SMK PSM 2 Takeran Magetan | BI3: 2019 | BL3: L | BM3: L | BN3: 42
A4: 319 | B4: 164 | C4: ZHILAL RATU AQILAH | D4: 642312149 | E4: 1710012742618 | G4: Madiun | H4: Madiun | I4: 45280 | J4: 1 | K4: 0 | L4: PKWT | M4: IMSS | O4: 45838 | Q4: Staff | R4: STAF | S4: Administrasi | T4: IMSS | U4: SDM | V4: SDM dan Umum | W4: SDM dan Umum | X4: Keuangan SDM dan Manajemen Risiko | AA4: Perempuan | AB4: Madiun | AC4: 36670 | AD4: 24 | AE4: 351903640500000 5 | AF4: Desa Kranggan RT 02 RW 01, Kecamatan Geger, Kabupaten Madiun | AG4: +62 82140333953 | AJ4: aqilahratu05@gmail.com | AK4: 0001170755482 | AL4: 24009885153 | AM4: Belum Menikah | AT4: YUENTIE SOVA PUSPIDALIA | AW4: 0 | AX4: TK/0 | AY4: 07.515.215.7-621.000 | AZ4: 07.515.215.7-621.000 | BA4: Islam | BB4: S1 | BC4: Teknik Industri | BD4: Institut Teknologi Sepuluh Nopember | BE4: 2023 | BF4: S1 | BG4: Teknik Industri | BH4: Institut Teknologi Sepuluh Nopember | BI4: 2023
A5: 318 | B5: 164 | C5: VINDY VIRGINE GUCCI | D5: 642312148 | E5: 1710014832201 | G5: Madiun | H5: Madiun | I5: 45280 | J5: 1 | K5: 0 | L5: PKWT | M5: IMSS | O5: 45838 | Q5: Staff | R5: STAF | S5: Administrasi | T5: IMSS | U5: Akuntansi | V5: Akuntansi | W5: Keuangan | X5: Keuangan SDM dan Manajemen Risiko | AA5: Perempuan | AB5: Madiun | AC5: 35318 | AD5: 28 | AE5: 3519025009960003 | AF5: Jl. Adil Makmur No. 05 RT 05 RW 02 Kel. Bangunsari Kec. Dolopo | AG5: +62 87836241340 | AJ5: vindyvirginegucci@gmail.com | AK5: 0000104782408 | AL5: 24036556249 | AM5: Belum Menikah | AW5: 0 | AX5: TK/0 | BA5: Islam | BB5: S1 | BC5: Akuntansi | BD5: Universitas Brawijaya | BE5: 2018 | BF5: S1 | BG5: Akuntansi | BH5: Universitas Brawijaya | BI5: 2018
A6: 317 | B6: 164 | C6: SULTAN ALFIANTSYAH | D6: 642312147 | E6: 1710014832268 | G6: Madiun | H6: Surabaya | I6: 45280 | J6: 1 | K6: 0 | L6: PKWT | M6: IMSS | O6: 45838 | Q6: Staff | R6: STAF | S6: Administrasi | T6: IMSS | U6: Manajemen Risiko | V6: SDM dan Umum | W6: SDM dan Umum | X6: Keuangan SDM dan Manajemen Risiko | AA6: Laki-Laki | AB6: Surabaya | AC6: 36359 | AD6: 25 | AE6: 357810180799000 2 | AF6: Jalan Lebak Timur 3 no. 3-5 | AG6: 6281327154410 | AJ6: sultan.alfiantsyah07@gmail.com | AK6: 0002050159004 | AL6: 24036556264 | AM6: Belum Menikah | AW6: 0 | AX6: TK/0 | AY6: 60.936.649.7-619.000 | AZ6: 60.936.649.7-619.000 | BA6: Islam | BB6: S1 | BC6: Ekonomi | BD6: Universitas Gadjah Mada | BF6: S1 | BG6: Ekonomi | BH6: Universitas Gadjah Mada
A7: 316 | B7: 164 | C7: HANDIKA RIZKI PRATAMA | D7: 642312146 | E7: 1710014832219 | G7: Madiun | H7: Semarang | I7: 45280 | J7: 1 | K7: 0 | L7: PKWT | M7: IMSS | O7: 45838 | Q7: Staff | R7: STAF | S7: Administrasi | T7: IMSS | U7: Engineering | V7: Teknik | W7: Teknik dan Logistik | X7: Operasi | AA7: Laki-Laki | AB7: Semarang | AC7: 36232 | AD7: 25 | AE7: 337402130399000 3 | AF7: Jl. Pergiwati 4 no 26 RT 02 RW 06 Kel. Bulu Lor Kec. Semarang Utara Kota Semarang | AG7: +62 87870742125 | AJ7: handikarizki14@gmail.com | AK7: 0000643453648 | AL7: 24009885104 | AM7: Belum Menikah | AW7: 0 | AX7: TK/0 | BA7: Islam | BB7: S1 | BC7: Teknik Elektro | BD7: Universitas Negeri Semarang | BE7: 2023 | BF7: S1 | BG7: Teknik Elektro | BH7: Universitas Negeri Semarang | BI7: 2023
A8: 315 | B8: 164 | C8: DIMAS DWI KURNIAWAN | D8: 642312144 | E8: 1710014832250 | G8: Madiun | H8: Banyuwangi | I8: 45280 | J8: 1 | K8: 0 | L8: PKWT | M8: IMSS | O8: 45838 | Q8: Staff | R8: STAF | S8: Administrasi | T8: IMSS | U8: Engineering | V8: Teknik | W8: Teknik dan Logistik | X8: Operasi | AA8: Laki-Laki | AB8: Banyuwangi | AC8: 35592 | AD8: 27 | AE8: 351016110697000 1 | AF8: Jalan Brawijaya gg cemara Rt 01 rt 02 Banyuwangi | AG8: +62 813-5394-9238 | AJ8: gencrit11@gmail.com | AK8: 0000115383104 | AL8: 24009885187 | AM8: Belum Menikah | AS8: SURYADI | AT8: ANI SUTRIANI | AW8: 0 | AX8: TK/0 | AY8: 27.386.544.4-627.000 | AZ8: 27.386.544.4-627.000 | BA8: Islam | BB8: S1 | BC8: Teknik Elektro | BD8: Universitas Negeri Malang | BE8: 2023 | BF8: S1 | BG8: Teknik Elektro | BH8: Universitas Negeri Malang | BI8: 2023
A9: 314 | B9: 164 | C9: BIMA AJI KURNIAWAN | D9: 642312143 | E9: 1710014832227 | G9: Madiun | H9: Boyolali | I9: 45280 | J9: 1 | K9: 0 | L9: PKWT | M9: IMSS | O9: 45838 | Q9: Staff | R9: STAF | S9: Administrasi | T9: IMSS | U9: Pemasaran | V9: Pemasaran | W9: Pemasaran | X9: Utama | AA9: Laki-Laki | AB9: Boyolali | AC9: 36947 | AD9: 23 | AE9: 330902250201900 6 | AF9: DK. BULUSARI. RT 004 RW 008. SIDOMULYO AMPEL. BOYOLALI | AG9: 62 87836241340 | AJ9: ajibiima@gmail.com | AK9: 0003174430353 | AL9: 24009885146 | AM9: Belum Menikah | AS9: AGUS SRI RAHARJO | AT9: WIKUNTARI | AW9: 0 | AX9: TK/0 | AY9: 610040891527000 | AZ9: 610040891527000 | BA9: Islam | BB9: S1 | BC9: Manajemen | BD9: Universitas Sebelas Maret Surakarta | BE9: 2022 | BF9: S1 | BG9: Manajemen | BH9: Universitas Sebelas Maret Surakarta | BI9: 2022
A10: 313 | B10: 164 | C10: BAGUS ADIIB AL-HAQ | D10: 642312142 | E10: 1710014832235 | G10: Madiun | H10: Ngawi | I10: 45280 | J10: 1 | K10: 0 | L10: PKWT | M10: IMSS | O10: 45838 | Q10: Staff | R10: STAF | S10: Administrasi | T10: IMSS | U10: Pemasaran | V10: Pemasaran | W10: Pemasaran | X10: Utama | AA10: Laki-Laki | AB10: Ngawi | AC10: 33838 | AD10: 32 | AE10: 352113220892000 3 | AF10: RT 03, RW 07, Desa Sambirejo, Kecamatan Mantingan, Kabupaten Ngawi | AG10: 62 82120167121 | AJ10: alhaqbagus@gmail.com | AK10: 0000106101145 | AL10: 24009885179 | AM10: Belum Menikah | AW10: 0 | AX10: TK/0 | BA10: Islam | BB10: S2 | BC10: Teknik dan Manajemen Industri | BD10: Institut Teknologi Bandung | BE10: 2021 | BF10: S2 | BG10: Teknik dan Manajemen Industri | BH10: Institut Teknologi Bandung | BI10: 2021
A11: 312 | B11: 164 | C11: ARIEF DWI KURNIAWAN | D11: 642312141 | E11: 1710014832193 | G11: Madiun | H11: Ponorogo | I11: 45280 | J11: 1 | K11: 0 | L11: PKWT | M11: IMSS | O11: 45838 | Q11: Staff | R11: STAF | S11: Administrasi | T11: IMSS | U11: IT | V11: Teknik | W11: Teknik dan Logistik | X11: Operasi | AA11: Laki-Laki | AB11: Ponorogo | AC11: 35539 | AD11: 27 | AE11: 350217190497000 3 | AF11: JL. TRUNOJOYO 38 RT. 005 RW. 001, KEL. MANGKUJAYAN, KEC. PONOROGO, KAB. PONOROGO | AG11: +62 857-3677-5858 | AJ11: ariefkurniawan.it@gmail.com | AK11: 0001283413408 | AL11: 24009885120 | AM11: Belum Menikah | AW11: 0 | AX11: TK/0 | BA11: Islam | BB11: S1 | BC11: Sistem Informasi | BD11: Universitas Brawijaya | BE11: 2021 | BF11: S1 | BG11: Sistem Informasi | BH11: Universitas Brawijaya | BI11: 2021
A12: 311 | B12: 164 | C12: ALVIN DEVOTE AZARIA ARDANA | D12: 642312140 | E12: 1710014832276 | G12: Madiun | H12: Klaten | I12: 45280 | J12: 1 | K12: 0 | L12: PKWT | M12: IMSS | O12: 45838 | Q12: Staff | R12: STAF | S12: Administrasi | T12: IMSS | U12: Legal | V12: Sekper, Legal dan Tata Kelola | W12: Sekper, Legal dan Tata Kelola | X12: Utama | AA12: Laki-Laki | AB12: Klaten | AC12: 36769 | AD12: 24 | AE12: 331026310800000 1 | AF12: Krapyak RT 001 RW 007 Merbung, Klaten Selatan, Klaten, Jawa Tengah | AG12: +62 812-5210-3030 | AJ12: devote48@gmail.com | AK12: 0001160585662 | AL12: 24009885138 | AM12: Belum Menikah | AS12: ARISTIYANTO S.SOS | AT12: IDA HERAWATI S.E | AW12: 0 | AX12: TK/0 | AY12: 50.359.124.0-525.000 | AZ12: 50.359.124.0-525.000 | BA12: Islam | BB12: S1 | BC12: Hukum | BD12: Universitas Sebelas Maret Surakarta | BE12: 2023 | BF12: S1 | BG12: Hukum | BH12: Universitas Sebelas Maret Surakarta | BI12: 2023
A13: 229 | B13: #NUM! | C13: FRISKA NANDA SUSANTA | D13: 642201126 | E13: 1710007727087 | G13: Madiun | H13: Madiun | I13: 44565 | J13: 3 | K13: 0 | L13: PKWT | M13: IMSS | O13: 45657 | Q13: Staff | R13: STAF | S13: Administrasi | T13: IMSS | U13: Pengelolaan Proyek Wilayah I | V13: Pengelolaan Proyek Wilayah I | W13: Wilayah I | X13: Operasi | AA13: Perempuan | AB13: Madiun | AC13: 36188 | AD13: 25 | AE13: 357702680199000 5 | AF13: Perum Griya Salak Blok D/01 RT 49/RW6 Kel. Taman Kec. Taman Kota Madiun | AG13: 0812 4678 2660 | AJ13: friska22nanda@gmail.com | AK13: 0000976562807 | AL13: 22017333562 | AM13: Belum Menikah | AW13: 0 | AX13: TK/0 | BA13: Islam | BB13: D3 | BC13: Manajemen Transportasi Perkeretaapian | BD13: Politeknik Perkeretaapian Indonesia Madiun | BE13: 2020 | BF13: D3 | BG13: Manajemen Transportasi Perkeretaapian | BH13: Politeknik Perkeretaapian Indonesia | BI13: 2020 | BQ13: 44601 | CD13: #N/A
A14: 228 | B14: #NUM! | C14: DITA KAROLIN SABELLA | D14: 642201128 | E14: 1710007727012 | G14: Madiun | H14: Madiun | I14: 44565 | J14: 3 | K14: 0 | L14: PKWT | M14: IMSS | O14: 45657 | Q14: Staff | R14: STAF | S14: Administrasi | T14: IMSS | U14: Umum | V14: SDM dan Umum | W14: SDM dan Umum | X14: Keuangan SDM dan Manajemen Risiko | AA14: Perempuan | AB14: Madiun | AC14: 36297 | AD14: 25 | AE14: 351904570599000 1 | AF14: Mranggen, RT/RW 012/003, Ds Joho, Kec. Dagangan, Kab. Madiun | AG14: 0822 2410 1125 | AJ14: ditakarolin17@gmail.com | AK14: 0001410757817 | AL14: 22017333554 | AM14: Belum Menikah | AW14: 0 | AX14: TK/0 | BA14: Islam | BB14: D3 | BC14: Komputer Akuntansi | BD14: Politeknik Negeri Madiun | BE14: 2021 | BF14: D3 | BG14: Komputer Akuntansi | BH14: Politeknik Negeri Madiun | BI14: 2021 | BQ14: 44601 | CD14: #N/A
A15: 227 | B15: #NUM! | C15: DEVIANA FATKULKHOIR | D15: 642201129 | E15: 1710007726907 | G15: Madiun | H15: Madiun | I15: 44565 | J15: 3 | K15: 0 | L15: PKWT | M15: IMSS | O15: 45657 | Q15: Staff | R15: STAF | S15: Administrasi | T15: IMSS | U15: Sekretariat Perusahaan | V15: Sekper, Legal dan Tata Kelola | W15: Sekper, Legal dan Tata Kelola | X15: Utama | AA15: Perempuan | AB15: Madiun | AC15: 36567 | AD15: 24 | AE15: 351903510200000 1 | AF15: Purworejo RT/RW 023/003 Ds Purworejo, Geger, Kab. Madiun | AG15: 0815 1525 7802 | AJ15: devianafatkulkhoir@gmail.com | AK15: 0000736981648 | AL15: 22017333588 | AM15: Belum Menikah | AW15: 0 | AX15: TK/0 | BA15: Islam | BB15: D3 | BC15: Komputer Akuntansi | BD15: Politeknik Negeri Madiun | BE15: 2021 | BF15: D3 | BG15: Komputer Akuntansi | BH15: Politeknik Negeri Madiun | BI15: 2021 | BQ15: 44950 | CD15: #N/A
A16: 226 | B16: #NUM! | C16: DELA OKTAVIANA | D16: 642201127 | E16: 1710007727160 | G16: Madiun | H16: Madiun | I16: 44565 | J16: 3 | K16: 0 | L16: PKWT | M16: IMSS | O16: 45657 | Q16: Staff | R16: STAF | S16: Administrasi | T16: IMSS | U16: Pemasaran | V16: Pemasaran | W16: Pemasaran | X16: Utama | AA16: Perempuan | AB16: Madiun | AC16: 36447 | AD16: 25 | AE16: 357702541099000 1 | AF16: Perum Bumi Winongo Indah Blok D.05 RT/RW 029/010, Winongo, Manguharjo, Kota Madiun | AG16: 0858 5367 2033 | AJ16: delaoktaviana.do@gmail.com | AK16: 0001276355733 | AL16: 22017333539 | AM16: Belum Menikah | AS16: ERWANTO DJOKO PRIJONO | AT16: JUNA IDAH | AW16: 0 | AX16: TK/0 | AY16: 03.682.871.3.621.000 | AZ16: 036828713621000 | BA16: Islam | BB16: D3 | BC16: Administrasi Bisnis | BD16: Politeknik Negeri Madiun | BE16: 2021 | BF16: D3 | BG16: Administrasi Bisnis | BH16: Politeknik Negeri Madiun | BI16: 2021 | BQ16: 44611 | CD16: #N/A
A17: 210 | B17: #NUM! | C17: BAGAS YAZID GHOZI | D17: 642101093 | E17: 1710005976744 | G17: Madiun | H17: Madiun | I17: 44200 | J17: 4 | K17: 0 | L17: PKWT | M17: IMSS | O17: 45657 | Q17: Staff | R17: STAF | S17: Administrasi | T17: IMSS | U17: IT | V17: Teknik | W17: Teknik dan Logistik | X17: Operasi | AA17: Laki-Laki | AB17: Madiun | AC17: 35302 | AD17: 28 | AE17: 351907250896000 1 | AF17: Ds Wungu RT/RW 005/001, Kec. Wungu, Kab. Madiun | AG17: 0853 4065 3142 | AJ17: bagasyazid7@gmail.com | AK17: 0002907085871 | AL17: 19095813127 | AM17: Menikah | AW17: 0 | AX17: K/0 | AZ17: 86.994.098.2-621.000 | BA17: Islam | BB17: D3 | BC17: Teknik Komputer Kontrol | BD17: Politeknik Negeri Madiun | BE17: 2018 | BF17: D3 | BG17: Teknik Komputer Kontrol | BH17: Politeknik Negeri Madiun | BI17: 2018 | BO17: 44294 | BP17: 44322 | BQ17: 44657 | CD17: #N/A
A18: 209 | B18: #NUM! | C18: SARAH AYU JUNIA KURNIASIH | D18: 642101097 | E18: 1710000713431 | G18: Madiun | H18: Madiun | I18: 44200 | J18: 4 | K18: 0 | L18: PKWT | M18: IMSS | O18: 45657 | Q18: Staff | R18: STAF | S18: Administrasi | T18: INKA | U18: Admin | V18: Pengelolaan dan Pengendalian Aset INKA | W18: Pengelolaan dan Pengendalian Aset INKA | X18: Operasi | AA18: Perempuan | AB18: Madiun | AC18: 34511 | AD18: 30 | AE18: 351903660694000 1 | AF18: Ds Sobrah RT/RW 001/001 Kec. Wungu, Kab, Madiun | AG18: 0838 6709 4057 | AJ18: sayujunea@gmail.com | AK18: 0001281687568 | AL18: 21008126308 | AM18: Menikah | AN18: ERVIN SUNARTO | AW18: 0 | AX18: K/0 | AY18: 03.720.982.2-621.000 | AZ18: 03.720.982.2-621.000 | BA18: Islam | BB18: SMK | BC18: Administrasi Perkantoran | BD18: SMK N 5 Madiun | BF18: S1 | BG18: Manajemen | BH18: Universitas PGRI Madiun | BO18: Promil | BP18: Promil | CD18: #N/A
A19: 191 | B19: #NUM! | C19: RIZKY MAULANA INDROSAPUTRO | D19: 642003087 | E19: 1440009032522 | G19: Madiun | H19: Madiun | I19: 43905 | J19: 4 | K19: 10 | L19: PKWT | M19: IMSS | O19: 45657 | Q19: Staff | R19: STAF | S19: Administrasi | T19: IMSS | U19: Pengelolaan Proyek Wilayah II | V19: Wilayah II | W19: Wilayah II | X19: Operasi | AA19: Laki-Laki | AB19: Surakarta | AC19: 32788 | AD19: 35 | AE19: 357703071089000 1 | AF19: Perum Bumi Mas Blok E No 20 RT/RW 054/012, Mojorejo, Taman, Madiun | AG19: 0812 3038 7261 | AJ19: aquaairminum456@gmail.com | AK19: 0001204479663 | AL19: 20029482799 | AM19: Belum Menikah | AS19: KURNIJANTO INDROTOMO | AT19: WIWIEK WINARTI | AW19: 0 | AX19: TK/0 | AY19: 16.437.677.4-621.000 | AZ19: 16.437.677.4-621.000 | BA19: Islam | BB19: S1 | BC19: Hubungan Internasional | BD19: Universitas Gadjah Mada | BE19: 2016 | BF19: S1 | BG19: Hubungan Internasional | BH19: Universitas Gadjah Mada | BI19: 2016 | BN19: 41 | BO19: 44294 | BP19: 44322 | BQ19: 44672 | CD19: #N/A
A20: 182 | B20: #NUM! | C20: RIAN PRATAMA | D20: 641907279 | E20: 1710005657096 | G20: Madiun | H20: Palembang | I20: 43661 | J20: 5 | K20: 6 | L20: PKWT | M20: IMSS | N20: PKWT-641907279 /D1/2019 | O20: 45487 | Q20: Staff | R20: STAF | S20: Administrasi | T20: IMSS | U20: Pengelolaan Proyek Wilayah II | V20: Wilayah II | W20: Wilayah II | X20: Operasi | AA20: Laki-Laki | AB20: Palembang | AC20: 32244 | AD20: 36 | AE20: 320129110488000 3 | AF20: Jl Urip Sumoharjo Komplek Griya Sekojo No.2991 Blok C4, RT 29 RW 10 Kec. Ilir Timur II Palembang | AG20: 0812 8175 8210 | AJ20: rian.nafisha@gmail.com | AK20: 0001505835707 | AL20: 19063315378 | AM20: Menikah | AN20: MUTASA TIARA | AO20: KHAIRA NAFISHA | AP20: KHANSA NAIFAH | AW20: 2 | AX20: K/2 | BA20: Islam | BB20: S1 | BC20: Teknik Mesin | BD20: Universitas Sriwijaya | BE20: 2011 | BF20: S1 | BG20: Teknik Mesin | BH20: Universitas Sriwijaya | BI20: 2011 | BN20: 42 | BO20: 44293 | BP20: 44322 | BQ20: 44905 | CD20: #N/A
A21: 89 | B21: #NUM! | C21: YOGA BIMANTARA ADITYA WICAKSONO | D21: 642001034 | E21: 1710004040872 | G21: Madiun | H21: Magetan | I21: 42919 | J21: 7 | K21: 6 | L21: PKWT | M21: IMSS | N21: PKWT-642001034 /D1/2020 | O21: 45657 | Q21: Staff | R21: STAF | S21: Administrasi | T21: IMSS | U21: Pengelolaan Proyek Wilayah I | V21: Pengelolaan Proyek Wilayah I | W21: Wilayah I | X21: Operasi | AA21: Laki-Laki | AB21: Salatiga | AC21: 34574 | AD21: 30 | AE21: 352006280994000 2 | AF21: Kpr Pondok Magetan Indah Blok Q No8, Magetan | AG21: 0812 3169 2593 | AJ21: yogabimantaraadityawicaksono@gmail.com | AK21: 0001106495785 | AL21: 17043907868 | AM21: Menikah | AN21: AFIN NURUL ANDINI | AS21: KAHONO | AT21: TIPUK NUR HAYATI | AU21: DARMADI | AV21: JUNANENI | AW21: 0 | AX21: K/0 | AY21: 60.933.776.1-646.000 | AZ21: 60.933.776.1-646.000 | BA21: Islam | BB21: D3 | BC21: Teknik Elektro | BD21: Universitas Gadjah Mada | BE21: 2016 | BF21: D3 | BG21: Teknik Elektro | BH21: Universitas Gadjah Mada | BI21: 2016 | BL21: L | BM21: 38 | BN21: 42 | BO21: 44294 | BP21: 44322 | BQ21: 44601 | CD21: #N/A
A22: 422 | B22: 318 | C22: AHINDA AFRILIA RISTIANINGRUM | D22: 642412239 | G22: Madiun | H22: Madiun | I22: 45628 | J22: 0 | K22: 0 | L22: PKWT | M22: IMSS | O22: 45992 | Q22: Staf / Pelaksana / Teknisi | R22: STAF | S22: Administrasi | T22: IMSS | U22: Staf Ahli Direktur Keuangan, SDM dan Manajemen Risiko | V22: Staf Ahli Direktur Keuangan, SDM dan Manajemen Risiko | W22: SDM dan Umum | X22: Keuangan SDM dan Manajemen Risiko | AA22: Perempuan | AB22: Magetan | AC22: 31160 | AD22: 39 | AE22: 3520046304860001 | AF22: Perum Graha mas Blok A8 Jl Sukarno Hatta | AG22: 081229913641 | AI22: 081229913641 | AJ22: ahindaar@gmail.com | AK22: 0001449448795 | AL22: 20033431022 | AM22: Cerai | AW22: 0 | AX22: TK/0 | BA22: Islam | BB22: S1 | BC22: Pendidikan Olahraga | BD22: IKIP Budi Utomo Malang | BE22: 2010 | BF22: S1 | BG22: Pendidikan Olahraga | BH22: IKIP Budi Utomo Malang | BI22: 2010
A23: 421 | B23: #NUM! | C23: YUSUF ABDULLAH | D23: 642409238 | E23: 1710016324959 | G23: Madiun | H23: Madiun | I23: 45598 | J23: 0 | K23: 0 | L23: PKWT | M23: IMSS | O23: 45657 | Q23: Staf / Pelaksana / Teknisi | R23: STAF | S23: Teknisi | W23: Wilayah I | X23: Operasi | AA23: Laki-Laki | AB23: Madiun | AC23: 36264 | AD23: 25 | AE23: 3519041404990001 | AF23: Desa Banjarsari Wetan Rt.06 Rw.02 Kec. Dagangan Kab. Madiun madiun | AG23: 085854130555 | AH23: +62 858-5413-0555 | AI23: - | AJ23: yusufonline14@gmail.com | AK23: 0000102370735 | AL23: 24192575926 | AM23: Menikah | AN23: LUTFIA INDRIANI | AO23: MUHAMMAD HENOKH AL MASYISY | AS23: KUAT SAROSA (ALM) | AT23: SITI RUKANAH | AU23: BASIR SISWANTO | AV23: KHUSNUL KHOIRIYAH | AW23: 1 | AX23: K/1 | BA23: Islam | BB23: D3 | BC23: Teknologi Bangunan dan Jalur Perkeretaapian | BD23: Politeknik Perkeretaapian Indonesia | BE23: 2020 | BF23: D3 | BG23: Teknologi Bangunan dan Jalur Perkeretaapian | BH23: Politeknik Perkeretaapian Indonesia | BI23: 2020 | BL23: L | BM23: L | BN23: 42
A24: 420 | B24: #NUM! | C24: WARDHANI PUNTO PRABOWO | D24: 642409236 | E24: 1710016324843 | G24: Madiun | H24: Madiun | I24: 45598 | J24: 0 | K24: 0 | L24: PKWT | M24: IMSS | O24: 45657 | Q24: Staf / Pelaksana / Teknisi | R24: STAF | S24: Teknisi | W24: Wilayah I | X24: Operasi | AA24: Laki-Laki | AB24: Madiun | AC24: 37374 | AD24: 22 | AE24: 3577012804020002 | AF24: Jl. Pilang Madya No.29 001/001 Kelurahan Pilangbango Kecamatan Kartoharjo | AG24: 087761402458 | AH24: 087761402458 | AI24: 087761402458 | AJ24: wardhanipunto28@gmail.com | AK24: 0001704811937 | AL24: 24192575892 | AM24: Belum Menikah | AS24: SUWARNO | AT24: ENDANG TRIMURTI | AW24: 0 | AX24: TK/0 | BA24: Islam | BB24: D4 | BC24: Teknik Perkeretaapian | BD24: Politeknik Negeri Madiun | BE24: 2024 | BF24: D4 | BG24: Teknik Perkeretaapian | BH24: Politeknik Negeri Madiun | BI24: 2024 | BL24: XL | BM24: XXL | BN24: 44
A25: 419 | B25: #NUM! | C25: SHONUFIT AR ROYAN F | D25: 642409235 | E25: 1710016324884 | G25: Madiun | H25: Banyuwangi | I25: 45598 | J25: 0 | K25: 0 | L25: PKWT | M25: IMSS | O25: 45657 | Q25: Staf / Pelaksana / Teknisi | R25: STAF | S25: Teknisi | W25: Wilayah I | X25: Operasi | AA25: Laki-Laki | AB25: Banyuwangi | AC25: 37315 | AD25: 22 | AE25: 3510032802020002 | AF25: Dusun Krajan 002/002 Kel Kradenan, Kec Purwoharjo, Kab Banyuwangi, Jawa timur | AG25: 082 141 534 300 | AH25: 082141534300 | AI25: 082141534300 | AJ25: Shonufit@gmail.com | AK25: 0000194802232 | AL25: 24192575942 | AM25: Belum Menikah | AS25: MOH NUR SHOLEH | AT25: NURHAYATI | AW25: 0 | AX25: TK/0 | BA25: Islam | BB25: D3 | BC25: Teknologi Mekanika Perkeretaapian | BD25: Politeknik Perkeretaapian Indonesia Madiun | BE25: 2024 | BF25: D3 | BG25: Teknologi Mekanika Perkeretaapian | BH25: Politeknik Perkeretaapian Indonesia Madiun | BI25: 2024 | BL25: M | BM25: M | BN25: 41
A26: 418 | B26: #NUM! | C26: RISMA ALFIYANI | D26: 642409234 | E26: 1710016324900 | G26: Madiun | H26: Madiun | I26: 45598 | J26: 0 | K26: 0 | L26: PKWT | M26: IMSS | O26: 45657 | Q26: Staf / Pelaksana / Teknisi | R26: STAF | S26: Teknisi | W26: Wilayah I | X26: Operasi | AA26: Perempuan | AB26: Madiun | AC26: 37116 | AD26: 23 | AE26: 3519035308010001 | AF26: Ds. Jatisari RT.08 RW.02, Geger, Madiun | AG26: 082335222595 | AH26: 082335222595 | AI26: 082335222595 | AJ26: rismaalfiyani36@gmail.com | AK26: 0003432923302 | AL26: 24192575884 | AM26: Belum Menikah | AS26: BASYUNI | AT26: RIYANI | AW26: 0 | AX26: TK/0 | BA26: Islam | BB26: D4 | BC26: Teknik Perkeretaapian | BD26: Politeknik Negeri Madiun | BE26: 2023 | BF26: D4 | BG26: Teknik Perkeretaapian | BH26: Politeknik Negeri Madiun | BI26: 2023 | BL26: M | BM26: L | BN26: 39
A27: 380 | B27: #NUM! | C27: SURJONO | D27: 642402194 | G27: Madiun | H27: Madiun | I27: 45413 | J27: 0 | K27: 8 | L27: PKWT | M27: IMSS | O27: 45658 | Q27: Kepala Divisi | R27: BOD - 1 | S27: Administrasi | T27: IMSS | U27: Staf Ahli Direktur Utama | V27: Staf Ahli Direktur Utama | W27: Staf Ahli Direktur Utama | X27: Utama | AA27: Laki-Laki | AB27: Madiun | AC27: 24664 | AD27: 57 | AE27: 3577011107670005 | AF27: Jl. Indra Manis II No 5 027/008 Kel. Manisrejo, Kec Taman Kota Madiun | AG27: +62 812-7809-316 | AJ27: smedhioen@gmail.com | AK27: 0001520765144 | AL27: 24049876485 | AM27: Menikah | AW27: 0 | AX27: K/0 | BA27: Islam | BB27: S1 | BD27: SMA SEDERAJAT | BF27: S1
A28: 417 | B28: #NUM! | C28: OKY NUR FAHREZI | D28: 642409233 | E28: 1710016324934 | G28: Madiun | H28: Madiun | I28: 45598 | J28: 0 | K28: 0 | L28: PKWT | M28: IMSS | O28: 45657 | Q28: Staf / Pelaksana / Teknisi | R28: STAF | S28: Teknisi | W28: Wilayah I | X28: Operasi | AA28: Laki-Laki | AB28: Garut | AC28: 36051 | AD28: 26 | AE28: 3519071309980003 | AF28: Jalan Teratai RT 08/02 Kecamatan Wungu Kabupaten Madiun,63181 | AG28: 083821219792 | AH28: 081333667498 | AI28: 081333667498 | AJ28: okynurfahrezi123@gmail.com | AK28: 0001045283703 | AL28: 24192575868 | AM28: Belum Menikah | AT28: TATIN SUMIATIN | AW28: 0 | AX28: TK/0 | BA28: Islam | BB28: SMK | BC28: Teknik Kendaraan Ringan | BD28: SMK Gamaliel 1 Madiun | BE28: 2016 | BF28: SMK | BG28: Teknik Kendaraan Ringan | BH28: SMK Gamaliel 1 Madiun | BI28: 2016 | BL28: L | BM28: L | BN28: 41
A29: 416 | B29: #NUM! | C29: OCTO AMRI MANSYURIN | D29: 642409232 | E29: 1710016324850 | G29: Madiun | H29: Tangerang | I29: 45598 | J29: 0 | K29: 0 | L29: PKWT | M29: IMSS | O29: 45657 | Q29: Staf / Pelaksana / Teknisi | R29: STAF | S29: Teknisi | W29: Wilayah I | X29: Operasi | AA29: Laki-Laki | AB29: Tangerang | AC29: 37167 | AD29: 23 | AE29: 3603010310010003 | AF29: Villa Balaraja Blok FI/18 RT/RW 04/04 Desa saga Kec Balerejo Kab Tangerang | AG29: 08557255860 | AH29: 08557255860 | AI29: 08557255860 | AJ29: oktoamrim@gmail.com | AK29: 0003103804181 | AL29: 24192575918 | AM29: Belum Menikah | AS29: MUHIDDIN | AT29: SULASRIANI ABDULLAH | AW29: 0 | AX29: TK/0 | AZ29: 022338701451000 | BA29: Islam | BB29: D3 | BC29: Teknologi Mekanika Perkeretaapian | BD29: Politeknik Perkeretaapian Indonesia Madiun | BE29: 2024 | BF29: D3 | BG29: Teknologi Mekanika Perkeretaapian | BH29: Politeknik Perkeretaapian Indonesia Madiun | BI29: 2024 | BL29: L | BM29: L | BN29: 41
A30: 415 | B30: #NUM! | C30: MUHAMMAD TSAMARAH NATIZATUS SULUK | D30: 642409231 | E30: 1710016324892 | G30: Madiun | H30: Madiun | I30: 45598 | J30: 0 | K30: 0 | L30: PKWT | M30: IMSS | O30: 45657 | Q30: Staf / Pelaksana / Teknisi | R30: STAF | S30: Teknisi | W30: Wilayah I | X30: Operasi | AA30: Laki-Laki | AB30: Madiun | AC30: 36998 | AD30: 23 | AE30: 3577031704010002 | AF30: PERUM PANORAMA WILIS B/2 KEL.PANDEAN KEC.TAMAN KOTA MADIUN | AG30: 0895341197500 | AH30: 0895341197500 | AI30: 0895341197500 | AJ30: muhammadiza33@gmail.com | AK30: 0002416864836 | AL30: 24192575975 | AM30: Belum Menikah | AS30: AHMAD LUKMAN | AT30: RACHMA SETYAWATI | AW30: 0 | AX30: TK/0 | AZ30: - | BA30: Islam | BB30: S1 | BC30: Teknik Mesin | BD30: Universitas Muhammadiyah Surakarta | BE30: 2024 | BF30: S1 | BG30: Teknik Mesin | BH30: Universitas Muhammadiyah Surakarta | BI30: 2024 | BL30: XL | BM30: XL | BN30: 43
A31: 414 | B31: #NUM! | C31: MUHAMMAD ABDUL AZIZ | D31: 642409230 | E31: 1710016324868 | G31: Madiun | H31: Magetan | I31: 45598 | J31: 0 | K31: 0 | L31: PKWT | M31: IMSS | O31: 45657 | Q31: Staf / Pelaksana / Teknisi | R31: STAF | S31: Teknisi | W31: Wilayah I | X31: Operasi | AA31: Laki-Laki | AB31: Magetan | AC31: 36632 | AD31: 24 | AE31: 3520101604000001 | AF31: RT 13 RW 02, Desa Dukuh, Kecamatan Bendo, Kabupaten Magetan | AG31: 082232525120 | AH31: 082232525120 | AI31: 082232525120 | AJ31: mabdulaziz0814@gmail.com | AK31: 0000740379554 | AL31: 24192575934 | AM31: Belum Menikah | AS31: SUPARJO | AT31: SURATI | AW31: 0 | AX31: TK/0 | BA31: Islam | BB31: D4 | BC31: Teknik Perkeretaapian | BD31: Politeknik Negeri Madiun | BE31: 2022 | BF31: D4 | BG31: Teknik Perkeretaapian | BH31: Politeknik Negeri Madiun | BI31: 2022 | BL31: M | BM31: M | BN31: 39
A32: 413 | B32: #NUM! | C32: MOH. TAUFIQ MAHENDRA | D32: 642409229 | E32: 1710016324918 | G32: Madiun | H32: Madiun | I32: 45598 | J32: 0 | K32: 0 | L32: PKWT | M32: IMSS | O32: 45657 | Q32: Staf / Pelaksana / Teknisi | R32: STAF | S32: Teknisi | W32: Wilayah I | X32: Operasi | AA32: Laki-Laki | AB32: Madiun | AC32: 37267 | AD32: 23 | AE32: 3577021101020001 | AF32: Jl. Muria No 6, Kel. Pangongangan, Kec. Manguharjo, Kota Madiun | AG32: 081333587017 | AH32: 081333587017 | AI32: 081333587017 | AJ32: mohammadtaufiqmahendra@gmail.com | AK32: 0001886534695 | AL32: 24192575850 | AM32: Belum Menikah | AS32: ABDUL MAJID | AT32: PUDJI ASTUTI | AW32: 0 | AX32: TK/0 | BA32: Islam | BB32: D4 | BC32: Teknik Perkeretaapian | BD32: Politeknik Negeri Madiun | BE32: 2024 | BF32: D4 | BG32: Teknik Perkeretaapian | BH32: Politeknik Negeri Madiun | BI32: 2024 | BL32: XXL | BM32: XXXL | BN32: 45
A33: 412 | B33: #NUM! | C33: MIZANUL ULUM | D33: 642409228 | E33: 1710016337993 | G33: Madiun | H33: Tegal | I33: 45598 | J33: 0 | K33: 0 | L33: PKWT | M33: IMSS | O33: 45657 | Q33: Staf / Pelaksana / Teknisi | R33: STAF | S33: Teknisi | W33: Wilayah I | X33: Operasi | AA33: Laki-Laki | AB33: Tegal | AC33: 37291 | AD33: 22 | AE33: 3328020304020007 | AF33: Traju , Kel Traju, Kec Bumijawa ,kab tegal, Jawa tengah | AG33: 0857 2295 2854 | AH33: 085722952854 | AI33: 085722952854 | AJ33: mizanululum77@gmail.com | AK33: 0003626347241 | AL33: 24192575967 | AM33: Belum Menikah | AS33: FATKHI | AT33: WEAH | AW33: 0 | AX33: TK/0 | BA33: Islam | BB33: D3 | BC33: Teknologi Mekanika Perkeretaapian | BD33: Politeknik Perkeretaapian Indonesia Madiun | BE33: 2024 | BF33: D3 | BG33: Teknologi Mekanika Perkeretaapian | BH33: Politeknik Perkeretaapian Indonesia Madiun | BI33: 2024 | BL33: L | BM33: L | BN33: 45
A34: 411 | B34: #NUM! | C34: FIQQI MUHAMMAD ALFIUZZAQI | D34: 642409227 | E34: 1710016324942 | G34: Madiun | H34: Jombang | I34: 45598 | J34: 0 | K34: 0 | L34: PKWT | M34: IMSS | O34: 45657 | Q34: Staf / Pelaksana / Teknisi | R34: STAF | S34: Teknisi | W34: Wilayah I | X34: Operasi | AA34: Laki-Laki | AB34: Jombang | AC34: 37070 | AD34: 23 | AE34: 3517092806010003 | AF34: Jl. Halmahera VII L-03, Kaliwungu, Jombang | AG34: 0895337665390 | AH34: 0895337665390 | AI34: 0895337665390 | AJ34: alfiuzzaqi@gmail.com | AK34: 0000108745457 | AL34: 24192575876 | AM34: Belum Menikah | AS34: SURAT | AT34: SUNARTI | AW34: 0 | AX34: TK/0 | BA34: Islam | BB34: D4 | BC34: Teknik Perkeretaapian | BD34: Politeknik Negeri Madiun | BE34: 2024 | BF34: D4 | BG34: Teknik Perkeretaapian | BH34: Politeknik Negeri Madiun | BI34: 2024 | BL34: XXL | BM34: XXL | BN34: 42
A35: 410 | B35: #NUM! | C35: FAQIH ABDURROHMAN KUSTI | D35: 642409226 | E35: 1710016337985 | G35: Madiun | H35: Magetan | I35: 45598 | J35: 0 | K35: 0 | L35: PKWT | M35: IMSS | O35: 45657 | Q35: Staf / Pelaksana / Teknisi | R35: STAF | S35: Teknisi | W35: Wilayah I | X35: Operasi | AA35: Laki-Laki | AB35: Magetan | AC35: 37685 | AD35: 21 | AE35: 3520130103030001 | AF35: Dk. Gandri kutu Ds. Kauman Kec. Karangrejo Kab. Magetan | AG35: 081358031270 | AH35: 081358031270 | AI35: 081358031270 | AJ35: faqihdilla17@gmail.com | AK35: 0001544250712 | AL35: 24192575900 | AM35: Belum Menikah | AS35: KUSWANTO | AT35: SITI MARPUNGATUN | AW35: 0 | AX35: TK/0 | BA35: Islam | BB35: SMK | BC35: Teknik Otomotif | BD35: SMK N 2 Jiwan | BE35: 2021 | BF35: SMK | BG35: Teknik Otomotif | BH35: SMK N 2 Jiwan | BI35: 2021 | BL35: XL | BM35: XL | BN35: 43
A36: 409 | B36: #NUM! | C36: ELANG RAIHAN PERMANA | D36: 642409225 | E36: 1710016329230 | G36: Madiun | H36: Madiun | I36: 45598 | J36: 0 | K36: 0 | L36: PKWT | M36: IMSS | O36: 45657 | Q36: Staf / Pelaksana / Teknisi | R36: STAF | S36: Teknisi | W36: Wilayah I | X36: Operasi | AA36: Laki-Laki | AB36: Madiun | AC36: 37105 | AD36: 23 | AE36: 3577030208010001 | AF36: Jl. Serayu Timur Perum Griya Kencana D/18, Kota Madiun | AG36: 0895339159322 | AH36: 0895339159322 | AI36: 0895339159322 | AJ36: raihanelang09@gmail.com | AK36: 0001637226854 | AL36: 24192575983 | AM36: Belum Menikah | AS36: KUKUH ARIS PRASETYO | AT36: ENDANG SRI ELIK NURWAHYUNI | AW36: 0 | AX36: TK/0 | AZ36: - | BA36: Islam | BB36: D4 | BC36: Teknik Perkeretaapian | BD36: Politeknik Negeri Madiun | BE36: 2024 | BF36: D4 | BG36: Teknik Perkeretaapian | BH36: Politeknik Negeri Madiun | BI36: 2024 | BL36: L | BM36: L | BN36: 42
A37: 408 | B37: #NUM! | C37: DIAZ PRATAMA | D37: 642409224 | E37: 1710016324876 | G37: Madiun | H37: Madiun | I37: 45598 | J37: 0 | K37: 0 | L37: PKWT | M37: IMSS | O37: 45657 | Q37: Staf / Pelaksana / Teknisi | R37: STAF | S37: Teknisi | W37: Wilayah I | X37: Operasi | AA37: Laki-Laki | AB37: Madiun | AC37: 36293 | AD37: 25 | AE37: 3312171305990002 | AF37: Jl.Jatinangor, Green Indah Nglames Blok F, Nglames, Kab. Madiun | AG37: 083851380855 | AH37: 83851380855 | AI37: 83851380855 | AJ37: diaazpratama@gmail.com | AK37: 0001205055202 | AL37: 24192575959 | AM37: Belum Menikah | AS37: IRWAN JUWONO | AT37: SUSI HARTINI | AW37: 0 | AX37: TK/0 | BA37: Islam | BB37: D4 | BC37: Teknik Perkeretaapian | BD37: Politeknik Negeri Madiun | BE37: 2022 | BF37: D4 | BG37: Teknik Perkeretaapian | BH37: Politeknik Negeri Madiun | BI37: 2022 | BL37: L | BM37: L | BN37: 42
A38: 407 | B38: #NUM! | C38: AFRIZA KRIDO ANANTA | D38: 642409223 | E38: 1710016324926 | G38: Madiun | H38: Madiun | I38: 45581 | J38: 0 | K38: 0 | L38: PKWT | M38: IMSS | O38: 45657 | Q38: Staf / Pelaksana / Teknisi | R38: STAF | S38: Teknisi | W38: Wilayah II | X38: Operasi | AA38: Laki-Laki | AB38: Madiun | AC38: 38470 | AD38: 19 | AE38: 3519072804050002 | AF38: Kresek Wungu Madiun, Kel Kresek, Kec Wungu, Kab Madiun, Jawa Timur | AG38: +62 857-9065-8921 | AH38: 085790658921 | AI38: 085790658921 | AJ38: afrizaananta6@gmail.com | AK38: 0000737397009 | AL38: 24154903660 | AM38: Belum Menikah | AS38: SLAMET | AT38: DINEM | AW38: 0 | AX38: TK/0 | BA38: Islam | BB38: SMK | BC38: Teknik Instalasi Tenaga Listrik | BD38: SMK Gamaliel 1 Madiun | BE38: 2023 | BF38: SMK | BG38: Teknik Instalasi Tenaga Listrik | BH38: SMK Gamaliel 1 Madiun | BI38: 2023 | BL38: L | BM38: L | BN38: 40
A39: 3 | B39: #NUM! | C39: IRWAN AHMADI | D39: 642001016 | E39: 1710003988097 | G39: Madiun | H39: Madiun | I39: 42005 | J39: 10 | K39: 0 | L39: PKWT | M39: IMSS | O39: 45657 | Q39: Staf / Pelaksana / Teknisi | R39: STAF | S39: Teknisi | T39: INKA | U39: INKA | V39: Perawatan AC | W39: Pengelolaan dan Pengendalian Aset INKA | X39: Operasi | Z39: - | AA39: Laki-Laki | AB39: Madiun | AC39: 33093 | AD39: 34 | AE39: 351914080890000 1 | AF39: Kajang 011/002 Kel. Kajang, Kec.Sawahan, Kab. Madiun | AG39: 0857 0882 7309 | AJ39: ahmadiirwan770@gmail.com | AK39: 0001865422686 | AL39: 16013068701 | AM39: Menikah | AN39: IRWAN AHMADI | AO39: KEVIN ALDAN ALWAFI | AS39: MARDI | AT39: SUPARTUN | AU39: SUPARLAN | AV39: JUMIATUN | AW39: 1 | AX39: K/1 | AY39: 05.517.620.0-621.000 | AZ39: 05.517.620.0-621.000 | BA39: Islam | BB39: SMK | BC39: Teknik Mesin | BD39: MTS N Kota Madiun | BE39: 2007 | BF39: SMP | BG39: Teknik Mesin | BH39: MTS N Kota Madiun | BI39: 2007 | BL39: XL | BM39: 34 | BN39: 42 | BO39: 44308 | BP39: 44336 | BS39: 43467 | BT39: 43830 | BU39: PB-56/XII/IMSS/2019 | BV39: PKWT-971900032/D1/2020 | CD39: #N/A
A40: 4 | B40: #NUM! | C40: AGUS SANTOSO | D40: 642001017 | E40: 1710003988279 | G40: Madiun | H40: Madiun | I40: 42005 | J40: 10 | K40: 0 | L40: PKWT | M40: IMSS | O40: 45657 | Q40: Staf / Pelaksana / Teknisi | R40: STAF | S40: Teknisi | T40: INKA | U40: Fungsional | V40: Wilayah I | W40: Wilayah I | X40: Operasi | Z40: - | AA40: Laki-Laki | AB40: Madiun | AC40: 26892 | AD40: 51 | AE40: 357702160873000 1 | AF40: Jl. Singosari III/12 B RT/RW 013/003 Patihan Manguharjo Madiun | AG40: 0819 3172 9473 | AH40: 0812 9277 8518 | AJ40: Dekecenk@gmail.com | AK40: 0001865423924 | AL40: 16013068669 | AM40: Menikah | AN40: DIAN ARINDA EKANINGTYAS | AO40: QUINSHA AGUSTINA PUTRI | AW40: 1 | AX40: K/1 | BA40: Islam | BB40: SMP | BC40: IPS | BD40: SMA SEDERAJAT | BF40: SMP | BL40: M | BM40: 28 | BN40: 40 | BO40: 44308 | BP40: 44336 | BQ40: 44601 | BS40: 43467 | BT40: 43830 | BU40: PB-55/XII/IMSS/2019 | BV40: PKWT-641807168/D1/2020 | CD40: #N/A
A41: 406 | B41: #NUM! | C41: TRI HANDOKO | D41: 642409222 | E41: 1710002324062 | G41: Madiun | H41: Madiun | I41: 45567 | J41: 0 | K41: 0 | L41: PKWT | M41: IMSS | O41: 45657 | Q41: Staf / Pelaksana / Teknisi | R41: STAF | S41: Teknisi | W41: Wilayah I | X41: Operasi | AA41: Laki-Laki | AB41: Madiun | AC41: 32398 | AD41: 36 | AE41: 357701 120 988 0001 | AF41: Jln. Ardi Manis F 7/5 Perumnas J Manisrejo Kec. Taman Madiun | AG41: 085 755 453 166 | AH41: 085755453166 | AI41: 085755453166 | AJ41: trih9589@gmail.com | AK41: 0001648372228 | AL41: 24154903645 | AM41: Menikah | AN41: OTTI DWI RACHMAWATI | AS41: DJAIMUN | AT41: SUTARSIH | AW41: 0 | AX41: K/0 | BA41: Islam | BB41: SMK | BC41: Teknik Mesin | BD41: SMK Gamaliel 1 Madiun | BE41: 2006 | BF41: SMK | BG41: Teknik Mesin | BH41: SMK Gamaliel 1 Madiun | BI41: 2006 | BL41: 5L | BM41: 6L | BN41: 44
A42: 11 | B42: #NUM! | C42: ANIK HARI SAKSONO | D42: 642001013 | E42: 1710003987008 | G42: Madiun | H42: Madiun | I42: 42095 | J42: 9 | K42: 9 | L42: PKWT | M42: IMSS | O42: 45657 | Q42: Staf / Pelaksana / Teknisi | R42: STAF | S42: Teknisi | T42: INKA | U42: INKA | V42: Pemeliharaan Fasilitas Sipil | W42: Pengelolaan dan Pengendalian Aset INKA | X42: Operasi | Y42: Perawat Sarana | Z42: - | AA42: Laki-Laki | AB42: Madiun | AC42: 27574 | AD42: 49 | AE42: 351907290675000 1 | AF42: Jalan Pojok 2 Anggrek 15 RT/RW 011 / 003 Munggut Wungu Madiun | AG42: 0895 3956 16343 | AJ42: angeljhon541@gmail.com | AK42: 0001306561195 | AL42: 16006272385 | AM42: Belum Menikah | AS42: WIJONO | AT42: SUMARMINI | AW42: 0 | AX42: TK/0 | AY42: 05.561.608.0-015.000 | AZ42: 05.561.608.0-015.000 | BA42: Islam | BB42: SMK | BC42: Teknik Bangunan | BD42: SMK N 1 Madiun | BF42: SMK | BG42: Teknik Bangunan | BH42: SMK N 1 Madiun | BL42: M | BM42: 32 | BN42: 39 | BO42: 44293 | BP42: 44322 | BS42: 43467 | BT42: 43830 | BU42: PB-59/XII/IMSS/2019 | BV42: PKWT-642201165/D1/2020 | CD42: #N/A
A43: 405 | B43: #NUM! | C43: SUSANTO | D43: 642409221 | E43: 1710016111372 | G43: Madiun | H43: Madiun | I43: 45567 | J43: 0 | K43: 0 | L43: PKWT | M43: IMSS | O43: 45657 | Q43: Staf / Pelaksana / Teknisi | R43: STAF | S43: Teknisi | W43: Wilayah I | X43: Operasi | AA43: Laki-Laki | AB43: Madiun | AC43: 35990 | AD43: 26 | AE43: 351909 140 798 0002 | AF43: Ds. Sukolilo RT/RW 25/07 Kec. Jiwan Madiun | AG43: 089 606 034 113 | AH43: 089606034113 | AI43: 089606034113 | AJ43: Susanto9814@gmail.com | AK43: 0002065295823 | AL43: 24154903538 | AM43: Menikah | AN43: ARYANI FITRIANA ROMADHANTY | AS43: SALAM | AT43: SURATUN | AU43: PAMUJI | AV43: SUDARSIH | AW43: 0 | AX43: K/0 | BA43: Islam | BB43: SMK | BC43: Teknik Mesin | BD43: SMK N 2 Jiwan | BE43: 2016 | BF43: SMK | BG43: Teknik Mesin | BH43: SMK N 2 Jiwan | BI43: 2016 | BL43: L | BM43: XL | BN43: 43
A44: 404 | B44: #NUM! | C44: SUKMA FARISSYAH | D44: 642409220 | E44: 1710003195396 | G44: Madiun | H44: Magetan | I44: 45567 | J44: 0 | K44: 0 | L44: PKWT | M44: IMSS | O44: 45657 | Q44: Staf / Pelaksana / Teknisi | R44: STAF | S44: Teknisi | W44: Wilayah I | X44: Operasi | AA44: Laki-Laki | AB44: Magetan | AC44: 36229 | AD44: 25 | AE44: 352011 100 399 0001 | AF44: Ds. Rejoasri RT/RW 04/01 Kec. Seputih Raman Lampung | AG44: 085 646 003 006 | AH44: 085646003006 | AI44: 085646003006 | AJ44: sukmafarissyah20@gmail.com | AK44: 0001544298142 | AL44: 24154903611 | AM44: Menikah | AN44: NIA TRI LESTARI | AO44: DIANDRA REFANI ALICIANA | AS44: ALM. SUSETYA ESTI HANDOYO | AT44: ALM. HENI SRI SUSMINING | AU44: NORMAN | AV44: NINING YUNINGSIH | AW44: 1 | AX44: K/1 | AZ44: 82.589.447.0-646.000 | BA44: Islam | BB44: SMK | BC44: Teknik Instalasi Tenaga Listrik | BD44: SMK N 1 Bendo | BE44: 2017 | BF44: SMK | BG44: Teknik Instalasi Tenaga Listrik | BH44: SMK N 1 Bendo | BI44: 2017 | BL44: XL | BM44: 37 | BN44: 42
A45: 403 | B45: #NUM! | C45: SAMSUL ANAM | D45: 642409218 | E45: 1710016111422 | G45: Madiun | H45: Madiun | I45: 45567 | J45: 0 | K45: 0 | L45: PKWT | M45: IMSS | O45: 45657 | Q45: Staf / Pelaksana / Teknisi | R45: STAF | S45: Teknisi | W45: Wilayah I | X45: Operasi | AA45: Laki-Laki | AB45: Madiun | AC45: 33245 | AD45: 34 | AE45: 351915 070 191 0001 | AF45: Dkh. Plumpung Lor Ds. Plumpungrejo RT/RW 02/01 Kec. Wonoasri Madiun | AG45: 085 775 549 707 | AH45: 085775549707 | AI45: 085775549707 | AJ45: samsulanam1107@gmail.com | AK45: 0003339552734 | AL45: 24154903629 | AM45: Belum Menikah | AS45: PARDI | AT45: SARMI | AW45: 0 | AX45: TK/0 | BA45: Islam | BB45: SMK | BC45: Teknik Mesin | BD45: SMK PGRI 1 Mejayan | BE45: 2011 | BF45: SMK | BG45: Teknik Mesin | BH45: SMK PGRI 1 Mejayan | BI45: 2011 | BL45: L | BM45: L | BN45: 40
A46: 20 | B46: #NUM! | C46: ICHSANNUDIN | D46: 642001004 | E46: 1710004034461 | G46: Madiun | H46: Ngawi | I46: 42125 | J46: 9 | K46: 8 | L46: PKWT | M46: IMSS | O46: 45657 | Q46: Staf / Pelaksana / Teknisi | R46: STAF | S46: Teknisi | T46: Jakarta | U46: INKA | V46: LRT Jabodebek (Helper Testing) | W46: Wilayah I | X46: Operasi | Y46: Perawat Sarana | Z46: - | AA46: Laki-Laki | AB46: Ngawi | AC46: 34621 | AD46: 30 | AE46: 352116141094000 1 | AF46: Dsn. Porong, Ds. Kalang RT/Rww 01/01, Kec. Pitu, Kab Ngawi | AG46: 0897 7914 034 | AJ46: ichsannudin30@gmail.com | AK46: 0001865427276 | AL46: 16006272286 | AM46: Menikah | AN46: DIAJENG ISWARI PRAMUDHITA NURUDDIN | AW46: 0 | AX46: K/0 | BA46: Islam | BB46: S1 | BC46: Teknik Mesin | BD46: Universitas Soerjo Ngawi | BE46: 2017 | BF46: S1 | BG46: Teknik Mesin | BH46: Universitas Soerjo Ngawi | BI46: 2017 | BL46: L | BM46: 33 | BN46: 42 | BO46: 44293 | BP46: 44322 | BS46: 43467 | BT46: 43830 | BU46: PB-5/XII/IMSS/2019 | BV46: PKWT-641907275/D1/2020 | CD46: #N/A
A47: 21 | B47: #NUM! | C47: DIDIK HENDRI SETYONO | D47: 642001005 | E47: 1710003987818 | G47: Madiun | H47: Madiun | I47: 42125 | J47: 9 | K47: 8 | L47: PKWT | M47: IMSS | O47: 45657 | Q47: Staf / Pelaksana / Teknisi | R47: STAF | S47: Teknisi | T47: Surabaya | U47: INKA | V47: Perawatan Bus Listrik Surabaya | W47: Wilayah II | X47: Operasi | Y47: Perawat Sarana | Z47: - | AA47: Laki-Laki | AB47: Madiun | AC47: 29616 | AD47: 43 | AE47: 351903300181000 1 | AF47: Ds. Wayut RT 009/RW 003, Kec. Jiwan, Kab. Madiun | AG47: 0812 3096 4544 | AJ47: Didikhendri1981@gmail.com | AK47: 0001410818231 | AL47: 16006271981 | AM47: Menikah | AN47: SRI MULYANI | AO47: FARID ESTU HENDRIAWAN | AS47: SLAMET RIFAI (ALMARHUM) | AT47: TUMI (ALMARHUM) | AU47: MUDJIONO | AV47: SULASTRI (ALMARHUM) | AW47: 1 | AX47: K/1 | AY47: 50.758.421.7-621-000 | AZ47: 50.758.421.7-621-000 | BA47: Islam | BB47: SMK | BC47: Teknik Otomotif | BD47: SMK Taman Siswa 2 Madiun | BE47: 2001 | BF47: SMK | BG47: Teknik Otomotif | BH47: SMK Taman Siswa 2 Madiun | BI47: 2001 | BL47: M | BM47: 28 | BN47: 39 | BQ47: 44711 | BS47: 43467 | BT47: 43830 | BU47: PB-74/XII/IMSS/2019 | BV47: PKWT-971900047/D1/2020 | CD47: #N/A
A48: 22 | B48: #NUM! | C48: MOHAMMAD RIDWAN ISMAIL | D48: 642001015 | E48: 1710003987974 | G48: Madiun | H48: Madiun | I48: 42125 | J48: 9 | K48: 8 | L48: PKWT | M48: IMSS | O48: 45657 | Q48: Staf / Pelaksana / Teknisi | R48: STAF | S48: Teknisi | T48: INKA | U48: Pengelolaan dan Pengendalian Aset INKA | V48: Pemeliharaan Temporary Bogie | W48: Pengelolaan dan Pengendalian Aset INKA | X48: Operasi | Y48: Forklift | Z48: - | AA48: Laki-Laki | AB48: Madiun | AC48: 34010 | AD48: 31 | AE48: 357701100293000 1 | AF48: Jl. Sri Sedono RT/RW 06/02 Kanigoro, Kota Madiun | AG48: 0813 7234 2625 | AJ48: Iwanaq160@gmail.com | AK48: 0001865424982 | AL48: 16006272005 | AM48: Menikah | AN48: KHOZINATUL PADILAH | AO48: NASYAMA KHANIFA ZAHRA | AW48: 1 | AX48: K/1 | BA48: Islam | BB48: SMK | BC48: Teknik Otomotif | BD48: SMK YP 17-1 | BE48: 2011 | BF48: SMK | BG48: Teknik Otomotif | BH48: SMK YP 17-1 | BI48: 2011 | BL48: M | BM48: 29 | BN48: 40 | BO48: 44308 | BP48: 44336 | BS48: 43467 | BT48: 43830 | BU48: PB-57/XII/IMSS/2019 | BV48: PKWT-642001029/D1/2020 | CD48: #N/A
A49: 23 | B49: #NUM! | C49: SIGIT EKO SUSANTO | D49: 642001011 | E49: 1710003988089 | G49: Madiun | H49: Bogor | I49: 42217 | J49: 9 | K49: 5 | L49: PKWT | M49: IMSS | O49: 45657 | Q49: Staf / Pelaksana / Teknisi | R49: STAF | S49: Teknisi | T49: Gudang | U49: INKA | V49: Pengendalian Kualitas | W49: Teknik dan Logistik | X49: Operasi | Z49: - | AA49: Laki-Laki | AB49: Madiun | AC49: 27959 | AD49: 48 | AE49: 320104180776000 3 | AF49: Jembatan Pari RT 004/RW 003 Cijunjung, Sukaraja, Bogor | AG49: 0858 5454 6285 | AJ49: sigiteko058@gmail.com | AK49: 0001272155062 | AL49: 16006272096 | AM49: Menikah | AN49: SUWARTI | AO49: NABILA EKA NURAINI | AP49: KHAIRUNNISA DENY AGUSTIN | AW49: 2 | AX49: K/2 | BA49: Islam | BB49: SMK | BC49: Teknik Mesin | BD49: SMK PGRI Caruban | BE49: 1995 | BF49: SMK | BG49: Teknik Mesin | BH49: SMK PGRI Caruban | BI49: 1995 | BL49: M | BM49: 28 | BN49: 40 | BQ49: 44601 | BS49: 43467 | BT49: 43830 | BU49: PB-62/XII/IMSS/2019 | BV49: PKWT-642201175/D1/2020 | CD49: #N/A
A50: 24 | B50: #NUM! | C50: DIONISIUS WIRATAMA | D50: 642001012 | E50: 1710003988030 | G50: Madiun | H50: Madiun | I50: 42217 | J50: 9 | K50: 5 | L50: PKWT | M50: IMSS | O50: 45657 | Q50: Staf / Pelaksana / Teknisi | R50: STAF | S50: Administrasi | T50: Purwodadi | U50: SMN | V50: SMN loko Administrasi | W50: Wilayah II | X50: Operasi | Y50: Perawat Sarana | Z50: - | AA50: Laki-Laki | AB50: Madiun | AC50: 33907 | AD50: 32 | AE50: 357703301092000 3 | AF50: Jl. Nitinegoro 44B Demangan, Kota Madiun | AG50: 0813 9890 0613 | AJ50: Dionisiuswiratama9@gmail.com | AK50: 0000104840594 | AL50: 16006272344 | AM50: Menikah | AN50: DURIN SALINDA | AS50: SUNYOTO | AT50: WIWIK WIDAYATI | AU50: YANTO | AV50: NUNUK DIBJANDARI | AW50: 0 | AX50: K/0 | AY50: 03.954.391.3-621.000 | AZ50: 03.954.391.3-621.000 | BA50: Kristen | BB50: D3 | BC50: Teknik Otomotif | BD50: Politeknik Negeri Madiun | BE50: 2011 | BF50: D3 | BG50: Teknik Otomotif | BH50: Politeknik Negeri Madiun | BI50: 2011 | BL50: L | BM50: 31 | BN50: 41 | BO50: 44294 | BP50: 44322 | BQ50: 44672 | BS50: 43467 | BT50: 43830 | BU50: PB-61/XII/IMSS/2019 | BV50: PKWT-641805144/D1/2020 | CD50: #N/A
A51: 402 | B51: #NUM! | C51: RACHMAD RUDI SAPUTRA | D51: 642409217 | E51: 1710002335712 | G51: Madiun | H51: Magetan | I51: 45567 | J51: 0 | K51: 0 | L51: PKWT | M51: IMSS | O51: 45657 | Q51: Staf / Pelaksana / Teknisi | R51: STAF | S51: Teknisi | W51: Wilayah I | X51: Operasi | AA51: Laki-Laki | AB51: Magetan | AC51: 34550 | AD51: 30 | AE51: 352012 040 894 0003 | AF51: Ds. Rejomulyo RT/RW 11/02 Kec. Barat Magetan | AG51: 082 229 342 428 | AH51: 082229342428 | AI51: 082229342428 | AJ51: rudysauptra@gmail.com | AK51: 0001654029933 | AL51: 24154903637 | AM51: Menikah | AN51: FALENTINA SABIAH | AS51: SARENGAT | AT51: MUSIRAH | AU51: JASMIN | AV51: DASRI | AW51: 0 | AX51: K/0 | BA51: Islam | BB51: SMK | BC51: Teknik Mesin | BD51: SMK N 1 Geneng | BE51: 2013 | BF51: SMK | BG51: Teknik Mesin | BH51: SMK N 1 Geneng | BI51: 2013 | BL51: L | BM51: L | BN51: 42
A52: 401 | B52: #NUM! | C52: PUTUT PUJIONO | D52: 642409216 | E52: 1710016111349 | G52: Madiun | H52: Madiun | I52: 45567 | J52: 0 | K52: 0 | L52: PKWT | M52: IMSS | O52: 45657 | Q52: Staf / Pelaksana / Teknisi | R52: STAF | S52: Teknisi | W52: Wilayah I | X52: Operasi | AA52: Laki-Laki | AB52: Madiun | AC52: 31722 | AD52: 38 | AE52: 3519080611860001 | AF52: Jl. Muhammad Hatta Desa Sidomulyo RT 17 RW 4 Kec. Sawahan Kab. Madiun | AG52: 082 131 234 046 | AH52: 082131234046 | AI52: 6282131234046 | AJ52: pututpujiono86@gmail.com | AK52: 0001318888192 | AL52: 24154903587 | AM52: Menikah | AN52: ERNA SETIAWATI | AO52: NAUFAL IQBAL PRATAMA | AP52: NAUMI DHEA PRAMESWARI | AS52: SUMARSONO | AT52: YATINEM | AU52: SURAJI | AV52: SUTINEM | AW52: 2 | AX52: K/2 | BA52: Islam | BB52: SMK | BC52: Teknik Otomotif | BD52: SMK PGRI 1 Madiun | BE52: 2005 | BF52: SMK | BG52: Teknik Otomotif | BH52: SMK PGRI 1 Madiun | BI52: 2005 | BL52: L4 | BM52: XXL | BN52: 43
A53: 28 | B53: #NUM! | C53: AGIL ARDIANSAH | D53: 642001009 | E53: 1710004045129 | G53: Madiun | H53: Madiun | I53: 42278 | J53: 9 | K53: 3 | L53: PKWT | M53: IMSS | O53: 45657 | Q53: Staf / Pelaksana / Teknisi | R53: STAF | S53: Teknisi | T53: Jakarta | U53: INKA | V53: LRT Jabodebek (Helper Testing) | W53: Wilayah I | X53: Operasi | Y53: Perawat Sarana | Z53: - | AA53: Laki-Laki | AB53: Madiun | AC53: 35130 | AD53: 28 | AE53: 357701060396000 3 | AF53: Jl. Pilang Luhur No 12 RT/RW 09/02 Pilang Bango, Kartoharjo, Kota Madiun | AG53: 0821 3939 1772 | AJ53: ardiplong@gmail.com | AK53: 0001204114375 | AL53: 16006272153 | AM53: Menikah | AN53: MASITHA NUR LATIFA | AO53: BILAL ABIYAN NUR ARDIANSAH | AS53: BAMBANG SANTOSO | AT53: EMI SUPRIHASTUTI | AU53: ALM.EDDY SUSANTO | AV53: ALM.DWI SUMARNI | AW53: 1 | AX53: K/1 | AY53: 40.912.242.1-621.000 | AZ53: 40.912.242.1-621.000 | BA53: Islam | BB53: SMK | BC53: Teknik Otomotif | BD53: SMK N 1 Madiun | BE53: 2015 | BF53: SMK | BG53: Teknik Otomotif | BH53: SMK N 1 Madiun | BI53: 2015 | BL53: XL | BM53: 36 | BN53: 43 | BQ53: 44864 | BS53: 43467 | BT53: 43830 | BU53: PB-64/XII/IMSS/2019 | BV53: PKWT-641801141/D1/2020 | CD53: #N/A
A54: 400 | B54: #NUM! | C54: PUPUT SANTOSO | D54: 642409215 | E54: 1710016111414 | G54: Madiun | H54: Madiun | I54: 45567 | J54: 0 | K54: 0 | L54: PKWT | M54: IMSS | O54: 45657 | Q54: Staf / Pelaksana / Teknisi | R54: STAF | S54: Teknisi | W54: Wilayah I | X54: Operasi | AA54: Laki-Laki | AB54: Madiun | AC54: 35517 | AD54: 27 | AE54: 357701 280 397 0001 | AF54: Jln. Pilangraya RT/RW 05/02 Ds.Pilangbango Kec. Kartoharjo Madiun | AG54: 087 760 450 724 | AH54: 087760450724 | AI54: 08976080920 | AJ54: puputsantoso97@gmail.com | AK54: 0000786811781 | AL54: 24154903678 | AM54: Belum Menikah | AS54: SIYAMAN | AT54: YASIH SRIYANI | AW54: 0 | AX54: TK/0 | BA54: Islam | BB54: SMK | BC54: Teknik Bangunan | BD54: SMK N 1 Madiun | BE54: 2010 | BF54: SMK | BG54: Teknik Bangunan | BH54: SMK N 1 Madiun | BI54: 2010 | BL54: L4 | BM54: XXL | BN54: 41
A55: 32 | B55: #NUM! | C55: NOVIANA HARIYANTO | D55: 642001008 | E55: 1710003988105 | G55: Madiun | H55: Madiun | I55: 42401 | J55: 8 | K55: 11 | L55: PKWT | M55: IMSS | O55: 45657 | Q55: Staf / Pelaksana / Teknisi | R55: STAF | S55: Administrasi | T55: Gudang | U55: Gudang | V55: Gudang | W55: Teknik dan Logistik | X55: Operasi | Z55: - | AA55: Laki-Laki | AB55: Madiun | AC55: 29699 | AD55: 43 | AE55: 351907230481000 5 | AF55: Pojok 2 Anggrek 25 011/003, Kel.Munggut, Kec.Wungu, Kab. Madiun | AG55: 0899 9883 706 | AJ55: novianahariyanto41@gmail.com | AK55: 0001865427399 | AL55: 16006272377 | AM55: Menikah | AN55: EKANI WINDARTI | AO55: JOVAN KURNIA PUTRA | AP55: DEVAN RAFFANDA PUTRA DEWANTO | AQ55: ALBHY CAESARIO ATHARRAZKA PUTRA | AW55: 3 | AX55: K/3 | BA55: Islam | BB55: SMK | BC55: Teknik Mesin | BD55: SMK Gamaliel 1 Madiun | BE55: 1999 | BF55: SMK | BG55: Teknik Mesin | BH55: SMK Gamaliel 1 Madiun | BI55: 1999 | BL55: L | BM55: 32 | BN55: 40 | BO55: 44294 | BP55: 44322 | BQ55: 44601 | BS55: 43467 | BT55: 43830 | BU55: PB-65/XII/IMSS/2019 | BV55: PKWT-641807164/D1/2020 | CD55: #N/A
A56: 33 | B56: #NUM! | C56: AMRIN KURNIADI | D56: 642001019 | E56: 1710003987891 | G56: Madiun | H56: Madiun | I56: 42401 | J56: 8 | K56: 11 | L56: PKWT | M56: IMSS | O56: 45657 | Q56: Staf / Pelaksana / Teknisi | R56: STAF | S56: Teknisi | T56: Surabaya | U56: INKA | V56: Perawatan Bus Listrik Surabaya | W56: Wilayah II | X56: Operasi | Y56: Perawat Sarana | Z56: - | AA56: Laki-Laki | AB56: Madiun | AC56: 31203 | AD56: 39 | AE56: 357701050685000 2 | AF56: JL. Sri Unggul No10, 002/001, Kel. Kanigoro, Kec.Kartoharjo, Kota Madiun | AG56: 0831 8123 4573 | AJ56: marchellmichell@gmail.com | AK56: 0002037595274 | AL56: 16013068677 | AM56: Menikah | AN56: PANCA APRIWATI | AO56: MARCELL ALVANELSON KURNIADI | AP56: MICHELL ALVANELSON KURNIADI | AS56: SUPRIANTO | AT56: SUKARSI | AU56: NOTO MIRUN | AV56: KUNING | AW56: 2 | AX56: K/2 | AY56: 03.801.414.8-071.000 | AZ56: 03.801.414.8-071.000 | BA56: Islam | BB56: SMK | BC56: Teknik Otomotif | BD56: SMK YP 17-1 | BE56: 2003 | BF56: SMK | BG56: Teknik Otomotif | BH56: SMK YP 17-1 | BI56: 2003 | BL56: M | BM56: 29 | BN56: 38 | BS56: 43467 | BT56: 43830 | BU56: PB-3/XII/IMSS/2019 | BV56: PKWT-642201132/D1/2020 | CD56: #N/A
A57: 399 | B57: #NUM! | C57: MUHAMMAD ALDHI SAPUTRO | D57: 642409214 | E57: 1710016111406 | G57: Madiun | H57: Madiun | I57: 45567 | J57: 0 | K57: 0 | L57: PKWT | M57: IMSS | O57: 45657 | Q57: Staf / Pelaksana / Teknisi | R57: STAF | S57: Teknisi | W57: Wilayah I | X57: Operasi | AA57: Laki-Laki | AB57: Madiun | AC57: 38051 | AD57: 20 | AE57: 357701 050 304 0004 | AF57: Jln. Kalimantan No.13 RT/RW 12/03 Kec. Kartoharjo Madiun | AG57: 083 147 850 830 | AH57: 083147850830 | AI57: 085175192246 | AJ57: aldhisaputro13@gmail.com | AK57: 0001542004154 | AL57: 24154903520 | AM57: Belum Menikah | AS57: SARIMAN | AT57: MAIRAH | AW57: 0 | AX57: TK/0 | BA57: Islam | BB57: SMK | BC57: Teknik Pemesinan | BD57: SMK N 1 Madiun | BE57: 2023 | BF57: SMK | BG57: Teknik Pemesinan | BH57: SMK N 1 Madiun | BI57: 2023 | BL57: L4 | BM57: XXL | BN57: 43
A58: 35 | B58: #NUM! | C58: KHOIRI BAYU SETIAWAN | D58: 642001014 | E58: 1710003987925 | G58: Madiun | H58: Magetan | I58: 42401 | J58: 8 | K58: 11 | L58: PKWT | M58: IMSS | O58: 45657 | Q58: Staf / Pelaksana / Teknisi | R58: STAF | S58: Teknisi | T58: INKA | U58: INKA | V58: Operator Forklift | W58: Pengelolaan dan Pengendalian Aset INKA | X58: Operasi | Y58: Forklift | Z58: - | AA58: Laki-Laki | AB58: Ngawi | AC58: 34890 | AD58: 29 | AE58: 352011100795000 2 | AF58: Jl. Duren Ds. Suratmajan RT/RW 07/01 Kec. Maospati, Kab. Magetan | AG58: 0823 3748 7313 | AJ58: khoiribayu4@gmail.com | AK58: 0002037843999 | AL58: 16006271973 | AM58: Belum Menikah | AS58: SUTRISNO | AW58: 0 | AX58: TK/0 | BA58: Islam | BB58: SMK | BC58: Teknologi Pesawat Terbang | BD58: SMK Penerbangan Angkasa Maospati | BE58: 2014 | BF58: SMK | BG58: Teknologi Pesawat Terbang | BH58: SMK Penerbangan Angkasa Maospati | BI58: 2014 | BL58: XL | BM58: 32 | BN58: 40 | BO58: 44293 | BP58: 44322 | BS58: 43467 | BT58: 43830 | BU58: PB-58/XII/IMSS/2019 | BV58: PKWT-971700008/D1/2020 | CD58: #N/A
A59: 37 | B59: #NUM! | C59: RIKO SANJAYA | D59: 642001068 | E59: 1710003987552 | G59: Madiun | H59: Madiun | I59: 42430 | J59: 8 | K59: 10 | L59: PKWT | M59: IMSS | O59: 45657 | Q59: Staf / Pelaksana / Teknisi | R59: STAF | S59: Teknisi | T59: INKA | U59: INKA | V59: Pengelolaan dan Pengendalian Aset INKA | W59: Pengelolaan dan Pengendalian Aset INKA | X59: Operasi | Y59: Crane | Z59: - | AA59: Laki-Laki | AB59: Madiun | AC59: 31940 | AD59: 37 | AE59: 357703120687000 5 | AF59: Jl. Gulun No 4 B, Kota Madiun | AG59: 0877 6493 3421 | AH59: 0857 3620 0016 | AJ59: rikosanjaya029@gmail.com | AK59: 0001538492646 | AL59: 16006272054 | AM59: Menikah | AN59: TIYAS PERMANASARI | AO59: M. RAFAEL EKA SANJAYA | AW59: 1 | AX59: K/1 | BA59: Islam | BB59: SMA | BC59: IPS | BD59: SMA Taman Bakti Madiun | BE59: 2005 | BF59: SMA | BG59: IPS | BH59: SMA Taman Bakti Madiun | BI59: 2005 | BL59: XL | BM59: 36 | BN59: 44 | BO59: 44308 | BP59: 44336 | BQ59: 44601 | BS59: 43467 | BT59: 43830 | BU59: PB-7/XII/IMSS/2019 | BV59: PKWT-642001056/D1/2020 | CD59: #N/A
A60: 38 | B60: #NUM! | C60: DIDI SETIAWAN | D60: 642001069 | E60: 1710004034404 | G60: Madiun | H60: Banyumas | I60: 42430 | J60: 8 | K60: 10 | L60: PKWT | M60: IMSS | O60: 45657 | Q60: Staf / Pelaksana / Teknisi | R60: STAF | S60: Teknisi | T60: Jakarta | U60: INKA | V60: LRT Jabodebek (Helper Testing) | W60: Wilayah I | X60: Operasi | Y60: Perawat Sarana | Z60: - | AA60: Laki-Laki | AB60: Banyumas | AC60: 35648 | AD60: 27 | AE60: 330217060897000 3 | AF60: Jl. Permadi No 01 Karang Tengah, Cilongok, Kab. Banyumas | AG60: 0813 9166 6089 | AJ60: didisetiawan135@gmail.com | AK60: 0001703389094 | AL60: 16013068693 | AM60: Belum Menikah | AS60: RASWAN RASMUDI | AT60: KAISEM | AW60: 0 | AX60: TK/0 | AY60: 04.609.652.5-002.000 | AZ60: 04.609.652.5-002.000 | BA60: Islam | BB60: SMK | BC60: Teknik Bangunan | BD60: SMK N 2 Purwokerto | BE60: 2015 | BF60: SMK | BG60: Teknik Bangunan | BH60: SMK N 2 Purwokerto | BI60: 2015 | BL60: M | BM60: 29 | BN60: 42 | BS60: 43467 | BT60: 43830 | BU60: PB-6/XII/IMSS/2019 | BV60: PKWT-642001059/D1/2020 | CD60: #N/A
A61: 39 | B61: #NUM! | C61: REVAN PRADIPTA | D61: 642001067 | E61: 1710003988436 | G61: Madiun | H61: Madiun | I61: 42430 | J61: 8 | K61: 10 | L61: PKWT | M61: IMSS | O61: 45657 | Q61: Staf / Pelaksana / Teknisi | R61: STAF | S61: Administrasi | T61: Gudang | U61: Gudang | V61: Gudang | W61: Teknik dan Logistik | X61: Operasi | Z61: - | AA61: Laki-Laki | AB61: Madiun | AC61: 33941 | AD61: 32 | AE61: 351908031292000 1 | AF61: Ds. Tiron RT/RW 18/06, Kab. Madiun | AG61: 0853 3674 8013 | AJ61: pradiptarevan24@gmail.com | AK61: 0001383339036 | AL61: 16006272070 | AM61: Cerai | AW61: 0 | AX61: TK/0 | AY61: 07.786.599.6-621.000 | AZ61: 07.786.599.6-621.000 | BA61: Islam | BB61: SMK | BC61: Teknik Otomotif | BD61: SMK Gamaliel 1 Madiun | BE61: 2012 | BF61: SMK | BG61: Teknik Otomotif | BH61: SMK Gamaliel 1 Madiun | BI61: 2012 | BL61: M | BM61: 30 | BN61: 42 | BO61: 44294 | BP61: 44322 | BQ61: 44601 | BS61: 43467 | BT61: 43830 | BU61: PB-8/XII/IMSS/2019 | BV61: PKWT-971900028/D1/2020 | CD61: #N/A
A62: 40 | B62: #NUM! | C62: PUTRA SATRIA BINTANG PAMUNGKAS | D62: 642001065 | E62: 1710003987339 | G62: Madiun | H62: Madiun | I62: 42461 | J62: 8 | K62: 9 | L62: PKWT | M62: IMSS | O62: 45657 | Q62: Staf / Pelaksana / Teknisi | R62: STAF | S62: Teknisi | T62: Jakarta | U62: INKA | V62: LRT Jabodebek (Helper Testing) | W62: Wilayah I | X62: Operasi | Y62: Perawat Sarana | Z62: - | AA62: Laki-Laki | AB62: Madiun | AC62: 35249 | AD62: 28 | AE62: 351907030796000 1 | AF62: Jl. Mawar RT/RW 03/01 Ds.Munggut | AG62: 0822 4544 8957 | AJ62: bintangsamudraraya@gmail.com | AK62: 0001703366447 | AL62: 16030084418 | AM62: Menikah | AN62: FEBY ANDIKA ENDAH SAPUTRI | AO62: ZENIA GENDHIS MAHESWARI | AS62: HARIYOTO | AT62: YAYUK WINARSIH | AU62: PUJIANTO | AV62: RUSMINI | AW62: 1 | AX62: K/1 | AY62: 03.996.110.7-621.000 | AZ62: 039961107621000 | BA62: Islam | BB62: SMK | BC62: Teknik Mesin | BD62: SMK Gamaliel 1 Madiun | BE62: 2015 | BF62: SMK | BG62: Teknik Mesin | BH62: SMK Gamaliel 1 Madiun | BI62: 2015 | BL62: L | BM62: 31 | BN62: 41 | BO62: 44293 | BP62: 44322 | BS62: 43467 | BT62: 43830 | BU62: PB-10/XII/IMSS/2019 | BV62: PKWT-641702080/D1/2020 | CD62: #N/A
A63: 41 | B63: #NUM! | C63: LAURENTIUS YHOAN KRISMANTARA | D63: 642001062 | E63: 1710003988071 | G63: Madiun | H63: Madiun | I63: 42491 | J63: 8 | K63: 8 | L63: PKWT | M63: IMSS | O63: 45657 | Q63: Staf / Pelaksana / Teknisi | R63: STAF | S63: Teknisi | T63: INKA | U63: INKA | V63: Pemeliharaan Fasilitas Sipil | W63: Pengelolaan dan Pengendalian Aset INKA | X63: Operasi | Y63: Forklift | Z63: - | AA63: Laki-Laki | AB63: Madiun | AC63: 35470 | AD63: 27 | AE63: 357702090297000 2 | AF63: Jl. Kalasan V/9A RT 19/RW 05, Patihan, Madiun | AG63: 0896 8212 7366 | AJ63: laurentius12325@gmail.com | AK63: 0001824708609 | AL63: 16030084350 | AM63: Belum Menikah | AT63: SULIS | AW63: 0 | AX63: TK/0 | AY63: 07.674.978.7-621.000 | AZ63: 07.674.978.7-621.000 | BA63: Islam | BB63: SMK | BC63: Teknik Mesin | BD63: SMK Gamaliel 1 Madiun | BE63: 2016 | BF63: SMK | BG63: Teknik Mesin | BH63: SMK Gamaliel 1 Madiun | BI63: 2016 | BL63: L | BM63: 33 | BN63: 42 | BO63: 44293 | BP63: 44322 | BS63: 43467 | BT63: 43830 | BU63: PB-12/XII/IMSS/2019 | BV63: #REF! | CD63: #N/A
A64: 42 | B64: #NUM! | C64: NURSAMSI | D64: 642001061 | E64: 1710003987149 | G64: Madiun | H64: Madiun | I64: 42491 | J64: 8 | K64: 8 | L64: PKWT | M64: IMSS | O64: 45657 | Q64: Staf / Pelaksana / Teknisi | R64: STAF | S64: Teknisi | T64: Lampung | U64: SMN | V64: SMN Loko Lampung | W64: Wilayah II | X64: Operasi | Z64: - | AA64: Laki-Laki | AB64: Madiun | AC64: 26241 | AD64: 53 | AE64: 357703041071000 1 | AF64: Jl. Taman Asri II / 150, Kota Madiun | AG64: 0857 0654 8801 | AJ64: nursamsi156@gmail.com | AK64: 0001703389083 | AL64: 16030084392 | AM64: Menikah | AN64: MITA AGUSTINA | AO64: ARIZZAL ZIDAN NUR PUTRA | AS64: MARIMAN | AT64: ASMUNINGSIH | AU64: DARSONO | AV64: ATIK MARSIANI | AW64: 1 | AX64: K/1 | AY64: 03.780.098.4.621.009 | AZ64: 037800984621009 | BA64: Islam | BB64: SMK | BC64: Teknik Otomotif | BD64: SMK N 1 Madiun | BE64: 1999 | BF64: SMK | BG64: Teknik Otomotif | BH64: SMK N 1 Madiun | BI64: 1999 | BL64: XL | BM64: 36 | BN64: 43 | BS64: 43467 | BT64: 43830 | BU64: PB-13/XII/IMSS/2019 | BV64: #REF! | CD64: #N/A
A65: 44 | B65: #NUM! | C65: GUNAWAN | D65: 642001060 | E65: 1710003987560 | G65: Madiun | H65: Madiun | I65: 42522 | J65: 8 | K65: 7 | L65: PKWT | M65: IMSS | O65: 45657 | Q65: Staf / Pelaksana / Teknisi | R65: STAF | S65: Teknisi | T65: INKA | U65: Pengelolaan dan Pengendalian Aset INKA | V65: Pemeliharaan Temporary Bogie | W65: Pengelolaan dan Pengendalian Aset INKA | X65: Operasi | Z65: - | AA65: Laki-Laki | AB65: Madiun | AC65: 24603 | AD65: 57 | AE65: 357702110567000 2 | AF65: Jl. Laos No 9 RT/RW 003/001, Ngegong, Mangunharjo, Kota Madiun | AG65: 0812 2576 1903 | AJ65: yankegunawan@gmail.com | AK65: 0001703389072 | AL65: 16040373561 | AM65: Menikah | AN65: ELIS SRIHARTATI | AO65: YUDHA HERLAMBANG | AP65: KRESNA HERLAMBANG | AS65: SIRANTO (ALM) | AT65: WARSILAH (ALM) | AU65: SINGGIH HARTONO | AV65: SUDARTI (ALM) | AW65: 2 | AX65: K/2 | AY65: 07.798.593.5.621.000 | AZ65: 07.798.593.5.621.000 | BA65: Islam | BB65: SMA | BC65: IPA | BD65: SMA N 2 Mangunharjo | BF65: SMA | BG65: IPA | BH65: SMA N 2 Mangunharjo | BL65: L | BM65: 32 | BN65: 41 | BO65: 44294 | BP65: 44322 | BQ65: 44601 | BS65: 43467 | BT65: 43830 | BU65: PB-14/XII/IMSS/2019 | BV65: PKWT-642201146/D1/2020 | CD65: #N/A
A66: 45 | B66: #NUM! | C66: AGUS PRASETIYO | D66: 642001057 | E66: 1710003987024 | G66: Madiun | H66: Magetan | I66: 42522 | J66: 8 | K66: 7 | L66: PKWT | M66: IMSS | O66: 45657 | Q66: Staf / Pelaksana / Teknisi | R66: STAF | S66: Teknisi | T66: INKA | U66: INKA | V66: 5R | W66: Pengelolaan dan Pengendalian Aset INKA | X66: Operasi | Y66: Forklift | Z66: - | AA66: Laki-Laki | AB66: Magetan | AC66: 32214 | AD66: 36 | AE66: 352005120388000 1 | AF66: Giripurno RT/RW 006/003 Kec. Kawedanan Kab. Magetan | AG66: 0856 4786 1903 | AJ66: prasetyoagus304@gmail.com | AK66: 0000739492997 | AL66: 16030084434 | AM66: Belum Menikah | AS66: ISMUN | AT66: SIRAM | AW66: 0 | AX66: TK/0 | AY66: 07.204.063.7-646.000 | AZ66: 07.204.063.7-646.000 | BA66: Islam | BB66: SMK | BC66: Teknik Mesin | BD66: SMK Sabilil Mutaqien Magetan | BE66: 2007 | BF66: SMK | BG66: Teknik Mesin | BH66: SMK Sabilil Mutaqien Magetan | BI66: 2007 | BL66: L | BM66: 32 | BN66: 40 | BO66: 44293 | BP66: 44322 | BQ66: 44601 | BS66: 43467 | BT66: 43830 | BU66: PB-17/XII/IMSS/2019 | BV66: PKWT-641907250/D1/2020 | CD66: #N/A
A67: 46 | B67: #NUM! | C67: FEBRI PRASTYO | D67: 642001053 | E67: 1710003988303 | G67: Madiun | H67: Madiun | I67: 42522 | J67: 8 | K67: 7 | L67: PKWT | M67: IMSS | O67: 45657 | Q67: Staf / Pelaksana / Teknisi | R67: STAF | S67: Teknisi | T67: Klaten | U67: INKA | V67: KRL KfW | W67: Wilayah I | X67: Operasi | Z67: - | AA67: Laki-Laki | AB67: Madiun | AC67: 34369 | AD67: 30 | AE67: 351903040294000 1 | AF67: Desa Kertobanyon RT/RW 04/01 Kec. Geger, Kab. Madiun | AG67: 0898 6278 687 | AJ67: Febripras0@gmail.com | AK67: 0001703389004 | AL67: 16040373579 | AM67: Menikah | AN67: NAPRILIA DWI KURNIA MAHARANI | AO67: KHALISA MAFAZA MAHARANI | AS67: JAPAR | AT67: JOHANA SUGIARTI | AU67: HERIANTO | AV67: SUNARMI | AW67: 1 | AX67: K/1 | AY67: 03.770.694.2.621.000 | AZ67: 037706942621000 | BA67: Islam | BB67: SMK | BC67: Teknik Mesin | BD67: SMK PGRI 1 Madiun | BE67: 2016 | BF67: SMK | BG67: Teknik Mesin | BH67: SMK PGRI 1 Madiun | BI67: 2016 | BL67: M | BM67: 29 | BN67: 40 | BO67: 44294 | BP67: 44322 | BQ67: 44859 | BS67: 43467 | BT67: 43830 | BU67: PB-21/XII/IMSS/2019 | BV67: PKWT-642001067/D1/2020 | CD67: #N/A
A68: 47 | B68: #NUM! | C68: ARIF SUGIANTO | D68: 642001058 | E68: 1710003987461 | G68: Madiun | H68: Magetan | I68: 42522 | J68: 8 | K68: 7 | L68: PKWT | M68: IMSS | O68: 45657 | Q68: Staf / Pelaksana / Teknisi | R68: STAF | S68: Teknisi | T68: Klaten | U68: INKA | V68: KRL KfW | W68: Wilayah I | X68: Operasi | Z68: - | AA68: Laki-Laki | AB68: Magetan | AC68: 32676 | AD68: 35 | AE68: 352005170689000 1 | AF68: Giripurno RT/RW 009/004 Kec. Kawedanan Kab. Magetan | AG68: 0898 3320 798 | AJ68: arifsugianto806@gmail.com | AK68: 0001703389048 | AL68: 16030084426 | AM68: Menikah | AN68: ARIF SUGIANTO/ANING SUSILOWATI | AO68: ADITYA NAUFAL MAHARDIKA | AP68: ARSAKHA FARREL MAHARDIKA | AS68: SUWARI | AT68: SAINEM | AU68: SUWARNO | AV68: SUKARTI | AW68: 2 | AX68: K/2 | AY68: 03.840.188.5.646.000 | AZ68: 038401885646000 | BA68: Islam | BB68: SMK | BC68: Teknik Otomotif | BD68: SMK N 1 Kawedanan | BE68: 2007 | BF68: SMK | BG68: Teknik Otomotif | BH68: SMK N 1 Kawedanan | BI68: 2007 | BL68: L | BM68: 34 | BN68: 42 | BS68: 43467 | BT68: 43830 | BU68: PB-16/XII/IMSS/2019 | BV68: #REF! | CD68: #N/A
A69: 48 | B69: #NUM! | C69: ROFINGI | D69: 642001056 | E69: 1710003986901 | G69: Madiun | H69: Madiun | I69: 42522 | J69: 8 | K69: 7 | L69: PKWT | M69: IMSS | O69: 45657 | Q69: Staf / Pelaksana / Teknisi | R69: STAF | S69: Teknisi | T69: INKA | U69: Pengelolaan dan Pengendalian Aset INKA | V69: Pemeliharaan Temporary Bogie | W69: Pengelolaan dan Pengendalian Aset INKA | X69: Operasi | Y69: Forklift | Z69: - | AA69: Laki-Laki | AB69: Madiun | AC69: 29391 | AD69: 44 | AE69: 351914190680000 1 | AF69: Ds. Bakur Sawahan, Kab. Madiun | AG69: 0812 3414 9121 | AJ69: cokrosamudro19@gmail.com | AK69: 0001703389015 | AL69: 16040373553 | AM69: Cerai | AO69: AZHIIM PRADA SAPUTRA | AS69: ISMANI | AT69: JANEM | AW69: 1 | AX69: TK/1 | AY69: 12.929.8.19.6-621.000 | AZ69: 12.929.8.19.6-621.000 | BA69: Islam | BB69: SMK | BC69: Teknik Otomotif | BD69: SMK Taman Siswa 2 Madiun | BE69: 1998 | BF69: SMK | BG69: Teknik Otomotif | BH69: SMK Taman Siswa 2 Madiun | BI69: 1998 | BL69: M | BM69: 29 | BN69: 39 | BQ69: 44601 | BS69: 43467 | BT69: 43830 | BU69: PB-18/XII/IMSS/2019 | BV69: PKWT-642001068/D1/2020 | CD69: #N/A
A70: 49 | B70: #NUM! | C70: HERY NURWANTO | D70: 642001055 | E70: 1710004028984 | G70: Madiun | H70: Magetan | I70: 42522 | J70: 8 | K70: 7 | L70: PKWT | M70: IMSS | O70: 45657 | Q70: Staf / Pelaksana / Teknisi | R70: STAF | S70: Teknisi | T70: INKA | U70: INKA | V70: 5R | W70: Pengelolaan dan Pengendalian Aset INKA | X70: Operasi | Z70: - | AA70: Laki-Laki | AB70: Magetan | AC70: 30638 | AD70: 41 | AE70: 352005181183000 1 | AF70: Giripurno RT/RW 006/003 Kec. Kawedanan Kab. Magetan | AG70: 0856 4244 1903 | AJ70: Herybancak45@gmail.com | AK70: 0000739492593 | AL70: 16040373595 | AM70: Menikah | AN70: SITI ROMLAH | AO70: ALMEERA DYAH RETNO PRAWIRA NURDJATI | AS70: ISMUN | AT70: SIRAM | AU70: SUPRIADI | AV70: SAADA | AW70: 1 | AX70: K/1 | AY70: 44.408.564.2.441.903 | AZ70: 44.408.564.2.441.903 | BA70: Islam | BB70: SMP | BC70: IPS | BD70: SMP N 3 Kawedanan | BF70: SMP | BG70: SMP N 3 Kawedanan | BH70: SMP N 3 Kawedanan | BL70: L | BM70: 32 | BN70: 39 | BO70: 44293 | BP70: 44322 | BS70: 43467 | BT70: 43830 | BU70: PB-19/XII/IMSS/2019 | BV70: PKWT-642001008/D1/2020 | CD70: #N/A
A71: 50 | B71: #NUM! | C71: PURWANTO | D71: 642001059 | E71: 1710003987032 | G71: Madiun | H71: Magetan | I71: 42522 | J71: 8 | K71: 7 | L71: PKWT | M71: IMSS | O71: 45657 | Q71: Staf / Pelaksana / Teknisi | R71: STAF | S71: Teknisi | T71: INKA | U71: Pengelolaan dan Pengendalian Aset INKA | V71: Pemeliharaan Temporary Bogie | W71: Pengelolaan dan Pengendalian Aset INKA | X71: Operasi | Z71: - | AA71: Laki-Laki | AB71: Magetan | AC71: 32003 | AD71: 37 | AE71: 352005140887000 1 | AF71: Giripurno RT/RW 015/005 Kec. Kawedanan Kab. Magetan | AG71: 0812 5524 5151 | AJ71: bagadur14@gmail.com | AK71: 0001703389059 | AL71: 13000574908 | AM71: Menikah | AN71: WAHYU MEGAWATI | AO71: MUHAMMAD ZIDAN AIMAN NAZA | AP71: MUHAMMAD ARSHAKA NUR MAULIDAN | AS71: SUGITO | AT71: BIBIT SURIYAH | AU71: DASAR | AV71: DARMI | AW71: 2 | AX71: K/2 | AY71: 00.008.125.5-245.151 | AZ71: 000081255245151 | BA71: Islam | BB71: SMP | BC71: IPS | BD71: SMP N 3 Kawedanan | BE71: 2003 | BF71: SMP | BH71: SMP N 3 Kawedanan | BI71: 2003 | BL71: L | BM71: 32 | BN71: 41 | BO71: 44293 | BP71: 44322 | BS71: 43467 | BT71: 43830 | BU71: PB-15/XII/IMSS/2019 | BV71: PKWT-641907249/D1/2020 | CD71: #N/A
A72: 398 | B72: #NUM! | C72: KRISNA SEPTIAWAN | D72: 642409213 | E72: 1710016111448 | G72: Madiun | H72: Madiun | I72: 45567 | J72: 0 | K72: 0 | L72: PKWT | M72: IMSS | O72: 45657 | Q72: Staf / Pelaksana / Teknisi | R72: STAF | S72: Teknisi | W72: Wilayah I | X72: Operasi | AA72: Laki-Laki | AB72: Madiun | AC72: 36041 | AD72: 26 | AE72: 351914 030 998 0002 | AF72: Jln. Yos Sudarso No.23B RT/RW 01/01 Kec.Manguharjo Madiun | AG72: 082 261 973 941 | AH72: 082261973941 | AI72: 082261973941 | AJ72: krisnaseptiawan39@gmail.com | AK72: 0000738952806 | AL72: 24154903579 | AM72: Menikah | AN72: INKA ARDIANI GIRI NATALIA | AS72: SARENGAT | AT72: SITI AMINAH | AU72: EKO JUNAEDI | AV72: SRIANI | AW72: 0 | AX72: K/0 | BA72: Islam | BB72: SMK | BC72: Teknik Listrik | BD72: SMK N 1 Madiun | BE72: 2017 | BF72: SMK | BG72: Teknik Listrik | BH72: SMK N 1 Madiun | BI72: 2017 | BL72: L4 | BM72: XXL | BN72: 43
A73: 56 | B73: #NUM! | C73: M FAHMI | D73: 641702080 | E73: 1710004040377 | G73: Aceh | H73: Aceh | I73: 42767 | J73: 7 | K73: 11 | L73: PKWT | M73: IMSS | O73: 45657 | Q73: Staf / Pelaksana / Teknisi | R73: STAF | S73: Teknisi | T73: Aceh | U73: Perintis | V73: Perawatan KRDI Cut Meutia | W73: Wilayah II | X73: Operasi | Z73: - | AA73: Laki-Laki | AB73: Bungkaih | AC73: 34249 | AD73: 31 | AE73: 110806071093000 2 | AF73: Gampong Keude Bungkaih Kec. Muara Batu Kab. Aceh Utara | AG73: 0852 7013 6858 | AJ73: wfahmi076@gmail.com | AK73: 0000981085814 | AL73: 16059487997 | AM73: Belum Menikah | AW73: 0 | AX73: TK/0 | BA73: Islam | BB73: SMA | BC73: IPS | BD73: SMA N 1 Muara Batu | BF73: SMA | BG73: IPS | BH73: SMA N 1 Muara Batu | BL73: L | BM73: 32 | BN73: 40 | CD73: #N/A
A74: 57 | B74: #NUM! | C74: KOMARUZZAMAN | D74: 642001047 | E74: 1710003988394 | G74: Madiun | H74: Madiun | I74: 42767 | J74: 7 | K74: 11 | L74: PKWT | M74: IMSS | O74: 45657 | Q74: Staf / Pelaksana / Teknisi | R74: STAF | S74: Teknisi | T74: INKA | U74: INKA | V74: Operator Forklift | W74: Pengelolaan dan Pengendalian Aset INKA | X74: Operasi | Y74: Forklift | Z74: - | AA74: Laki-Laki | AB74: Madiun | AC74: 35284 | AD74: 28 | AE74: 357702070896000 5 | AF74: Jl. Mayjend Sungkono No Gg. Sosropuran, Kota Madiun | AG74: 0812 6273 9140 | AJ74: komaruzzamanoppo123@gmail.com | AK74: 0001706037715 | AL74: 17028637779 | AM74: Belum Menikah | AW74: 0 | AX74: TK/0 | BA74: Islam | BB74: SMK | BC74: Teknik Listrik | BD74: SMK YP 17-1 | BE74: 2016 | BF74: SMK | BG74: Teknik Listrik | BH74: SMK YP 17-1 | BI74: 2016 | BL74: XXL | BM74: 42 | BN74: 43 | BO74: 44294 | BP74: 44322 | BS74: 43467 | BT74: 43830 | BU74: PB-26/XII/IMSS/2019 | BV74: PKWT-642001048/D1/2020 | CD74: #N/A
A75: 58 | B75: #NUM! | C75: AZIZ MAHMUDI | D75: 642001046 | E75: 1710003987917 | G75: Madiun | H75: Ngawi | I75: 42767 | J75: 7 | K75: 11 | L75: PKWT | M75: IMSS | O75: 45657 | Q75: Staf / Pelaksana / Teknisi | R75: STAF | S75: Administrasi | T75: IMSS | U75: Engineering | V75: Teknik | W75: Teknik dan Logistik | X75: Operasi | Y75: Perawat Sarana | Z75: - | AA75: Laki-Laki | AB75: Ngawi | AC75: 34484 | AD75: 30 | AE75: 352110300594000 1 | AF75: Dsn. Bulunh Ds. Kartoharjo, Kec. Ngawi, Kab. Ngawi | AG75: 0812 7070 5756 | AJ75: azismahmudi80@gmail.com | AK75: 0001706039537 | AL75: 16035177704 | AM75: Menikah | AN75: RETNO AYU ANDRIANI | AO75: ABRIZAM ZEYN EL FARIZ | AW75: 1 | AX75: K/1 | BA75: Islam | BB75: S1 | BC75: Teknik Mesin | BD75: Universitas Soerjo Ngawi | BE75: 2017 | BF75: S1 | BG75: Teknik Mesin | BH75: Universitas Soerjo Ngawi | BI75: 2017 | BL75: L | BM75: 31 | BN75: 42 | BO75: 44293 | BP75: 44322 | BS75: 43467 | BT75: 43830 | BU75: PB-28/XII/IMSS/2019 | BV75: PKWT-641907251/D1/2020 | CD75: #N/A
A76: 59 | B76: #NUM! | C76: ARIFIN PURNAWIRAWAN | D76: 642001048 | E76: 1710004028919 | G76: Madiun | H76: Madiun | I76: 42767 | J76: 7 | K76: 11 | L76: PKWT | M76: IMSS | O76: 45657 | Q76: Staf / Pelaksana / Teknisi | R76: STAF | S76: Teknisi | T76: Makassar | U76: Perintis | V76: Perawatan KRDE Makassar- Parepare | W76: Wilayah II | X76: Operasi | Y76: Perawat Sarana | Z76: - | AA76: Laki-Laki | AB76: Madiun | AC76: 32695 | AD76: 35 | AE76: 357701060789000 2 | AF76: Jl. Wiyatasari No 10 Ds. Rejomulyo, Kartoharjo, Madiun | AG76: 0812 3083 5385 | AJ76: hurinaghnia07@gmail.com | AK76: 0000786427615 | AL76: 17028637761 | AM76: Belum Menikah | AW76: 0 | AX76: TK/0 | BA76: Islam | BB76: SMK | BC76: Teknik Otomotif | BD76: SMK Gamaliel 1 Madiun | BE76: 2007 | BF76: SMK | BG76: Teknik Otomotif | BH76: SMK Gamaliel 1 Madiun | BI76: 2007 | BL76: L | BM76: 36 | BN76: 45 | BO76: 44293 | BQ76: 44923 | BS76: 43467 | BT76: 43830 | BU76: PB-25/XII/IMSS/2019 | BV76: PKWT-971900049/D1/2020 | CD76: #N/A
A77: 60 | B77: #NUM! | C77: SUGIYANTO | D77: 642001050 | E77: 1710004034438 | G77: Madiun | H77: Magetan | I77: 42767 | J77: 7 | K77: 11 | L77: PKWT | M77: IMSS | O77: 45657 | Q77: Staf / Pelaksana / Teknisi | R77: STAF | S77: Teknisi | T77: Jakarta | U77: INKA | V77: LRT Jabodebek (Helper Testing) | W77: Wilayah I | X77: Operasi | Y77: K3 Umum | Z77: - | AA77: Laki-Laki | AB77: Magetan | AC77: 32852 | AD77: 35 | AE77: 352010101289000 1 | AF77: Dsn. Bulu Tuwo Ds. Dukuh RT/RW 19/03 Bendo, Kab. Magetan | AG77: 0852 5963 9116 | AJ77: Embunaswinda01@gmail.com | AK77: 0001706039526 | AL77: 17028637746 | AM77: Menikah | AN77: FEBRIANA SUSANTI | AO77: EMBUN ASWINDA IZZATUNNISA | AS77: SARIMAN | AT77: LASMI | AU77: LAMIDI | AV77: SUMINEM | AW77: 1 | AX77: K/1 | AY77: 79.739.162.0-646.000 | AZ77: 797391620-646000 | BA77: Islam | BB77: SMK | BC77: Teknik Otomotif | BD77: SMK PGRI 1 Magetan | BE77: 2008 | BF77: SMK | BG77: Teknik Otomotif | BH77: SMK PGRI 1 Magetan | BI77: 2008 | BL77: XL | BM77: 36 | BN77: 42 | BQ77: 44689 | BS77: 43467 | BT77: 43830 | BU77: PB-23/XII/IMSS/2019 | BV77: PKWT-641907252/D1/2020 | CD77: #N/A
A78: 64 | B78: #NUM! | C78: BUDI HARIANTO | D78: 642001044 | E78: 1710003987370 | G78: Madiun | H78: Magetan | I78: 42857 | J78: 7 | K78: 8 | L78: PKWT | M78: IMSS | O78: 45657 | Q78: Staf / Pelaksana / Teknisi | R78: STAF | S78: Teknisi | T78: Jakarta | U78: INKA | V78: LRT Jabodebek (Helper Testing) | W78: Wilayah I | X78: Operasi | Z78: - | AA78: Laki-Laki | AB78: Madiun | AC78: 32977 | AD78: 34 | AE78: 351907140490000 3 | AF78: Dsn Warutunggal RT/RW 023/003 Ds. Tegal Arum, Kec. Bendo, Kab Magetan | AG78: 0899 0878 215 | AJ78: budibismafitri@gmail.com | AK78: 0002453059124 | AL78: 17043907751 | AM78: Menikah | AN78: FITRIANA | AO78: BISMA LAWU PAMBUDI | AS78: NYOTO | AT78: SITI NGAISAH | AU78: WAGIRAN | AV78: JAITUN | AW78: 1 | AX78: K/1 | AY78: 12.556.232.2-646.000 | AZ78: 12.556.232.2-646.000 | BA78: Islam | BB78: SMK | BC78: Teknik Elektro | BD78: SMK Gamaliel 1 Madiun | BE78: 2007 | BF78: SMK | BG78: Teknik Elektro | BH78: SMK Gamaliel 1 Madiun | BI78: 2007 | BL78: L | BM78: 36 | BN78: 42 | BQ78: 44674 | BS78: 43467 | BT78: 43830 | BU78: PB-30/XII/IMSS/2019 | BV78: PKWT-641907245/D1/2020 | CD78: #N/A
A79: 65 | B79: #NUM! | C79: ANDREA CAHYA PUTRA | D79: 642001045 | E79: 1710003988253 | G79: Madiun | H79: Magetan | I79: 42857 | J79: 7 | K79: 8 | L79: PKWT | M79: IMSS | O79: 45657 | Q79: Staf / Pelaksana / Teknisi | R79: STAF | S79: Teknisi | T79: Klaten | U79: INKA | V79: KRL KfW | W79: Wilayah I | X79: Operasi | Z79: - | AA79: Laki-Laki | AB79: Magetan | AC79: 35965 | AD79: 26 | AE79: 352005190698000 4 | AF79: Lingkungan Gandek RT/RW 014/003 Kawedanan, Kab Magetan | AG79: 0895 1604 4401 | AJ79: andreacahya07@gmail.com | AK79: 0000739591119 | AL79: 17043907694 | AM79: Menikah | AN79: NOVA LESTANTI | AO79: AIZA NADIRA ELSHAFA HAFIZAH | AS79: AGUNG CAHYONO | AT79: SUTINAH | AU79: NYAMIN | AV79: PURWATI | AW79: 1 | AX79: K/1 | AY79: 63.495.865.6-646.000 | AZ79: 63.495.865.6-646.000 | BA79: Islam | BB79: SMK | BC79: Teknik Komputer Jaringan | BD79: SMK N 1 Takeran | BE79: 2017 | BF79: SMK | BG79: Teknik Komputer Jaringan | BH79: SMK N 1 Takeran | BI79: 2017 | BL79: M | BM79: 30 | BN79: 40 | BS79: 43467 | BT79: 43830 | BU79: PB-29/XII/IMSS/2019 | BV79: PKWT-642201167/D1/2020 | CD79: #N/A
A80: 397 | B80: #NUM! | C80: ELANG MAHMUDI | D80: 642409212 | E80: 1710016243589 | G80: Madiun | H80: Magetan | I80: 45567 | J80: 0 | K80: 0 | L80: PKWT | M80: IMSS | O80: 45657 | Q80: Staf / Pelaksana / Teknisi | R80: STAF | S80: Teknisi | W80: Wilayah I | X80: Operasi | AA80: Laki-Laki | AB80: Madiun | AC80: 32184 | AD80: 36 | AE80: 351915 110 288 0001 | AF80: Ds. Kuwonharjo RT/RW 02/01 Kec. Takeran, Kab. Magetan | AG80: 085 748 043 610 | AH80: 085748043610 | AI80: 085748043610 | AJ80: Elangmahmudi88@gmail.com | AK80: 0001701761758 | AL80: 24154903546 | AM80: Menikah | AN80: NURUL HITDAHYAH | AS80: LAMIDJAN | AT80: SUKINI | AU80: PARLAN | AV80: (ALM) PARTINI | AW80: 0 | AX80: K/0 | AZ80: 96.143.592.2-646.000 | BA80: Islam | BB80: SMK | BC80: Teknik Mesin | BD80: SMK PGRI 1 Mejayan | BE80: 2006 | BF80: SMK | BG80: Teknik Mesin | BH80: SMK PGRI 1 Mejayan | BI80: 2006 | BL80: S | BM80: L | BN80: 39
A81: 67 | B81: #NUM! | C81: TRI DIANTORO | D81: 642001038 | E81: 1710004034446 | G81: Madiun | H81: Magetan | I81: 42857 | J81: 7 | K81: 8 | L81: PKWT | M81: IMSS | O81: 45657 | Q81: Staf / Pelaksana / Teknisi | R81: STAF | S81: Teknisi | T81: Jakarta | U81: SMN | V81: SMN Loko Jakarta | W81: Wilayah I | X81: Operasi | Z81: - | AA81: Laki-Laki | AB81: Magetan | AC81: 34444 | AD81: 30 | AE81: 352015200494000 1 | AF81: Ds. Ngelang Kec. Kartoharjo Kab. Magetan | AG81: 0857 2501 5455 | AJ81: Dyan.kancil96@gmail.com | AK81: 0001704982116 | AL81: 17043907660 | AM81: Belum Menikah | AW81: 0 | AX81: TK/0 | BA81: Islam | BB81: SMK | BC81: Teknik Mesin | BD81: SMK N 1 Kertosono | BE81: 2013 | BF81: SMK | BG81: Teknik Mesin | BH81: SMK N 1Kertosono | BI81: 2013 | BL81: M | BM81: 31 | BN81: 41 | BO81: 44365 | BP81: 44404 | BS81: 43467 | BT81: 43830 | BU81: PB-36/XII/IMSS/2019 | BV81: PKWT-642001045/D1/2020 | CD81: #N/A
A82: 68 | B82: #NUM! | C82: ANDIKA SETYAWAN | D82: 642001035 | E82: 1710004028950 | G82: Madiun | H82: Madiun | I82: 42857 | J82: 7 | K82: 8 | L82: PKWT | M82: IMSS | O82: 45657 | Q82: Staf / Pelaksana / Teknisi | R82: STAF | S82: Teknisi | T82: Klaten | U82: INKA | V82: KRL KfW | W82: Wilayah I | X82: Operasi | Y82: Perawat Sarana | Z82: - | AA82: Laki-Laki | AB82: Madiun | AC82: 35855 | AD82: 26 | AE82: 351909010398000 1 | AF82: Ds. Bibrik RT/RW 18/07 Jiwan, Kab. Madiun | AG82: 0858 1742 4247 | AJ82: setyawanandika666@gmail.com | AK82: 0000738767935 | AL82: 17043907819 | AM82: Menikah | AN82: ANDIKA SETYAWAN/DEVI MIRANDASARI | AO82: ARKA PUTRA SETYAWAN | AS82: MUHAMMAD RIFAI | AT82: KOMSRIATUN | AU82: ABDUL CHOLIL | AV82: SRI HANDAYANI | AW82: 1 | AX82: K/1 | AY82: 03.741.515.5.621.000 | AZ82: 03.741.515.5.621.000 | BA82: Islam | BB82: SMK | BC82: Teknik Otomotif | BD82: SMK Taman Siswa 2 Madiun | BE82: 2016 | BF82: SMK | BG82: Teknik Otomotif | BH82: SMK Taman Siswa 2 Madiun | BI82: 2016 | BL82: L | BM82: 30 | BN82: 41 | BO82: 44293 | BP82: 44322 | BS82: 43467 | BT82: 43830 | BU82: PB-39/XII/IMSS/2019 | BV82: PKWT-642109115/D1/2020 | CD82: #N/A
A83: 69 | B83: #NUM! | C83: DENDI HERMAWAN | D83: 642001037 | E83: 1710004028901 | G83: Madiun | H83: Madiun | I83: 42857 | J83: 7 | K83: 8 | L83: PKWT | M83: IMSS | O83: 45657 | Q83: Staf / Pelaksana / Teknisi | R83: STAF | S83: Teknisi | T83: Jakarta | U83: INKA | V83: LRT Jabodebek (Helper Testing) | W83: Wilayah I | X83: Operasi | Y83: Awak Sarana | Z83: - | AA83: Laki-Laki | AB83: Madiun | AC83: 35306 | AD83: 28 | AE83: 351903290896000 5 | AF83: Jl. Cemara Ds. Sangen RT/RW 05/02 Kec. Geger, Kab Madiun | AG83: 0812 4963 2815 | AH83: 0896 1320 9803 | AJ83: dendilabeneamata@gmail.com | AK83: 0000736977453 | AL83: 17043907843 | AM83: Menikah | AN83: DESTI NOVITA SARI | AO83: DAFFA REYNO HERMAWAN | AW83: 1 | AX83: K/1 | BA83: Islam | BB83: SMK | BC83: Teknik Otomotif | BD83: SMK YP 17-1 | BE83: 2016 | BF83: SMK | BG83: Teknik Otomotif | BH83: SMK YP 17-1 | BI83: 2016 | BL83: XL | BM83: 34 | BN83: 45 | BO83: 44293 | BP83: 44322 | BS83: 43467 | BT83: 43830 | BU83: PB-37/XII/IMSS/2019 | BV83: PKWT-642201162/D1/2020 | CD83: #N/A
A84: 70 | B84: #NUM! | C84: DEWANGGA SULUNG ADHI CAHYONO | D84: 642001043 | E84: 1710003987719 | G84: Madiun | H84: Madiun | I84: 42857 | J84: 7 | K84: 8 | L84: PKWT | M84: IMSS | O84: 45657 | Q84: Staf / Pelaksana / Teknisi | R84: STAF | S84: Teknisi | T84: INKA | U84: Fungsional | V84: Wilayah I | W84: Wilayah I | X84: Operasi | Z84: - | AA84: Laki-Laki | AB84: Tulung Agung | AC84: 35699 | AD84: 27 | AE84: 357702260997000 4 | AF84: Jl. Keningar No 03 RT 5/RW 2 Ds. Ngegong Kec. Mangunharjo, Kota Madiun | AG84: 0882 3115 3224 | AH84: 0812 3850 2309 | AJ84: Cahyonodewangga@gmail.com | AK84: 0001832225793 | AL84: 16034599197 | AM84: Menikah | AN84: DWI FAJAR RAHMAWATI | AS84: AGUNG CAHYONO | AT84: YULIN PURWITORINI | AU84: YANTO | AV84: NYAMINI | AW84: 0 | AX84: K/0 | AY84: 43.934.818.6-621.000 | AZ84: 43.934.818.6-621.000 | BA84: Islam | BB84: SMK | BC84: Teknik Otomotif | BD84: SMK N 1 Jiwan | BE84: 2016 | BF84: SMK | BG84: Teknik Otomotif | BH84: SMK N 1 Jiwan | BI84: 2016 | BL84: XL | BM84: 36 | BN84: 43 | BS84: 43467 | BT84: 43830 | BU84: PB-31/XII/IMSS/2019 | BV84: PKWT-641907257/D1/2020 | CD84: #N/A
A85: 71 | B85: #NUM! | C85: EKO NUR CAHYO PUTRO | D85: 642001042 | E85: 1710004040773 | G85: Madiun | H85: Ngawi | I85: 42857 | J85: 7 | K85: 8 | L85: PKWT | M85: IMSS | O85: 45657 | Q85: Staf / Pelaksana / Teknisi | R85: STAF | S85: Teknisi | T85: Bandung | U85: INKA | V85: Perawatan Bus Listrik Bandung | W85: Wilayah II | X85: Operasi | Y85: Forklift | Z85: - | AA85: Laki-Laki | AB85: Ngawi | AC85: 35744 | AD85: 27 | AE85: 352114101197000 1 | AF85: Dsn. Loran Ds. Babadan Kec. Pangkur Kab. Ngawi | AG85: 0813 3351 3880 | AH85: 0857 0409 4871 | AJ85: Ekonur749@gmail.com | AK85: 0000743032787 | AL85: 17043907769 | AM85: Menikah | AN85: SITI NUR KHOLIFAH | AO85: ALSAVA MANAH HUMEERA | AS85: BASUKI | AT85: SITI MUNTAMAH | AU85: SUWITO | AV85: PARYANI | AW85: 1 | AX85: K/1 | AY85: 13.966.504.6.646.000 | AZ85: 13.966.504.6.646.000 | BA85: Islam | BB85: SMK | BC85: Teknik Otomotif | BD85: SMK N 1 Wonoasri | BE85: 2016 | BF85: SMK | BG85: Teknik Otomotif | BH85: SMK N 1 Wonoasri | BI85: 2016 | BL85: XL | BM85: 33 | BN85: 42 | BS85: 43467 | BT85: 43830 | BU85: PB-32/XII/IMSS/2019 | BV85: PKWT-642201153/D1/2020 | CD85: #N/A
A86: 72 | B86: #NUM! | C86: ENDRAWAN | D86: 642001036 | E86: 1710003987784 | G86: Madiun | H86: Madiun | I86: 42857 | J86: 7 | K86: 8 | L86: PKWT | M86: IMSS | O86: 45657 | Q86: Staf / Pelaksana / Teknisi | R86: STAF | S86: Teknisi | T86: Jakarta | U86: INKA | V86: LRT Jabodebek (Helper Testing) | W86: Wilayah I | X86: Operasi | Z86: - | AA86: Laki-Laki | AB86: Madiun | AC86: 34614 | AD86: 30 | AE86: 351914071094000 1 | AF86: Ds. Kanung RT/RW 06/02 Kec. Sawahan, Kab. Madiun | AG86: 0812 3080 1300 | AJ86: wankanung7@gmail.com | AK86: 0000737675932 | AL86: 17043907637 | AM86: Belum Menikah | AW86: 0 | AX86: TK/0 | BA86: Islam | BB86: SMK | BC86: Teknik Otomotif | BD86: SMK N 1 Jiwan | BE86: 2013 | BF86: SMK | BG86: Teknik Otomotif | BH86: SMK N 1 Jiwan | BI86: 2013 | BL86: L | BM86: 32 | BN86: 40 | BS86: 43467 | BT86: 43830 | BU86: PB-38/XII/IMSS/2019 | BV86: PKWT-642001058/D1/2020 | CD86: #N/A
A87: 73 | B87: #NUM! | C87: MUHTAROM | D87: 642001039 | E87: 1710004028935 | G87: Madiun | H87: Madiun | I87: 42857 | J87: 7 | K87: 8 | L87: PKWT | M87: IMSS | O87: 45657 | Q87: Staf / Pelaksana / Teknisi | R87: STAF | S87: Teknisi | T87: Bandung | U87: INKA | V87: Perawatan Bus Listrik Bandung | W87: Wilayah II | X87: Operasi | Z87: - | AA87: Laki-Laki | AB87: Ponorogo | AC87: 30069 | AD87: 42 | AE87: 350218280482000 4 | AF87: Jl. Gajah Mada, Njogobayan, Kab. Madiun | AG87: 0831 6038 9171 | AH87: 0858 0445 5575 | AJ87: satyapradifta@gmail.com | AK87: 0002422814556 | AL87: 18024053250 | AM87: Menikah | AN87: TITIK KARTIKA WATI | AO87: RAFA | AP87: SELYN | AS87: SYAMSUDIN | AT87: AMANAH | AU87: SLAMET B | AV87: LANDEP | AW87: 2 | AX87: K/2 | AY87: 03.782.322.6.621.000 | AZ87: 037823226621000 | BA87: Islam | BB87: SMK | BC87: Teknik Otomotif | BD87: SMK Bakti Ponorogo | BE87: 2002 | BF87: SMK | BG87: Teknik Otomotif | BH87: SMK Bakti Ponorogo | BI87: 2002 | BL87: M | BM87: 31 | BN87: 39 | BO87: 44293 | BP87: 44322 | BS87: 43467 | BT87: 43830 | BU87: PB-35/XII/IMSS/2019 | BV87: PKWT-642001035/D1/2020 | CD87: #N/A
A88: 78 | B88: #NUM! | C88: DARWANTO | D88: 642001028 | E88: 1710003987636 | G88: Madiun | H88: Madiun | I88: 42919 | J88: 7 | K88: 6 | L88: PKWT | M88: IMSS | O88: 45657 | Q88: Staf / Pelaksana / Teknisi | R88: STAF | S88: Teknisi | T88: INKA | U88: INKA | V88: Pemeliharaan Fasilitas Listrik | W88: Pengelolaan dan Pengendalian Aset INKA | X88: Operasi | Z88: - | AA88: Laki-Laki | AB88: Madiun | AC88: 32767 | AD88: 35 | AE88: 351909160989000 1 | AF88: Desa Teguhan RT19RW5 Kec. Jiwan, Kab. Madiun | AG88: 0823 3602 0437 | AH88: 0882 1725 4897 | AJ88: daRWanto.rofi@gmail.com | AK88: 0000738322481 | AL88: 17043907892 | AM88: Menikah | AN88: ROFIQOH | AO88: KHADIJAH AVICENNA | AW88: 1 | AX88: K/1 | BA88: Islam | BB88: SMA | BC88: IPS | BD88: SMA N 1 Jiwan | BE88: 2008 | BF88: SMA | BG88: IPS | BH88: SMA N 1 Jiwan | BI88: 2008 | BL88: XL | BM88: 34 | BN88: 42 | BO88: 44308 | BP88: 44336 | BQ88: 44601 | BS88: 43467 | BT88: 43830 | BU88: PB-46/XII/IMSS/2019 | BV88: PKWT-642201177/D1/2020 | CD88: #N/A
A89: 79 | B89: #NUM! | C89: BERRY HARTANTO | D89: 642001030 | E89: 1710004040815 | G89: Madiun | H89: Madiun | I89: 42919 | J89: 7 | K89: 6 | L89: PKWT | M89: IMSS | O89: 45657 | Q89: Staf / Pelaksana / Teknisi | R89: STAF | S89: Teknisi | T89: Jakarta | U89: INKA | V89: LRT Jabodebek (Helper Testing) | W89: Wilayah I | X89: Operasi | Y89: Perawat Sarana | Z89: - | AA89: Laki-Laki | AB89: Madiun | AC89: 36089 | AD89: 26 | AE89: 357703211098000 1 | AF89: Jl Tumpak Manis 1b N08 RW11RT40 Kel. Manisrejo, Kec. Taman, Kota Madiun | AG89: 0813 2147 8165 | AJ89: berryHartan98@gmail.com | AK89: 0002416483462 | AL89: 17043907801 | AM89: Menikah | AN89: SARIN FIRDAYATI | AS89: SUTRISNO | AT89: SUMIATI | AU89: FIRDAUS | AV89: ISWANDIYATI | AW89: 0 | AX89: K/0 | AY89: 03.959.346.2-407.000 | AZ89: 03.959.346.2-407.000 | BA89: Islam | BB89: SMK | BC89: Teknik Audio Visual | BD89: SMK N 1 Madiun | BE89: 2017 | BF89: SMK | BG89: Teknik Audio Visual | BH89: SMK N 1 Madiun | BI89: 2017 | BL89: XXL | BM89: 36 | BN89: 43 | BS89: 43467 | BT89: 43830 | BU89: PB-44/XII/IMSS/2019 | BV89: PKWT-641806155/D1/2020 | CD89: #N/A
A90: 80 | B90: #NUM! | C90: RUDIK HARYANTO | D90: 642001033 | E90: 1710003986919 | G90: Madiun | H90: Madiun | I90: 42919 | J90: 7 | K90: 6 | L90: PKWT | M90: IMSS | O90: 45657 | Q90: Staf / Pelaksana / Teknisi | R90: STAF | S90: Teknisi | T90: Jakarta | U90: INKA | V90: LRT Jabodebek (Helper Testing) | W90: Wilayah I | X90: Operasi | Z90: - | AA90: Laki-Laki | AB90: Madiun | AC90: 32057 | AD90: 37 | AE90: 357702071087000 2 | AF90: Jl Gambir Sawir Utara No13, RT16RW06, Kel. Sogaten, Kec. Manguharjo, Kota Madiun | AG90: 0822 3580 6797 | AJ90: Rudikhariyanto311@gmail.com | AK90: 0002069376153 | AL90: 17043907728 | AM90: Menikah | AN90: EARLINA FITRA MULIAWATI | AO90: ALULA AZZAHRA MULIAHATI | AS90: SUHARTONO | AT90: SUMIRAH | AU90: NGUPADIONO | AV90: ARIANTI | AW90: 1 | AX90: K/1 | AY90: 03.956.581.7-407.000 | AZ90: 03.956.581.7-407.000 | BA90: Islam | BB90: SMK | BC90: Teknik Elektro | BD90: SMK PGRI 1 Mangunharjo | BE90: 2005 | BF90: SMK | BG90: Teknik Elektro | BH90: SMK PGRI 1 Mangunharjo | BI90: 2005 | BL90: L | BM90: 34 | BN90: 40 | BS90: 43467 | BT90: 43830 | BU90: PB-41/XII/IMSS/2019 | BV90: #REF! | CD90: #N/A
A91: 81 | B91: #NUM! | C91: TOMI SUHARTO | D91: 642001029 | E91: 1710003987081 | G91: Madiun | H91: Madiun | I91: 42919 | J91: 7 | K91: 6 | L91: PKWT | M91: IMSS | O91: 45657 | Q91: Staf / Pelaksana / Teknisi | R91: STAF | S91: Teknisi | T91: Klaten | U91: INKA | V91: KRL KfW | W91: Wilayah I | X91: Operasi | Z91: - | AA91: Laki-Laki | AB91: Madiun | AC91: 32838 | AD91: 35 | AE91: 357703261189000 4 | AF91: Jl Sudirman Gang Jambe 21 Kota Madiun | AG91: 0895 3976 61722 | AJ91: Tomi030817@gmail.com | AK91: 0002431875521 | AL91: 18024053276 | AM91: Belum Menikah | AS91: SUPARDI | AT91: KARTINI | AW91: 0 | AX91: TK/0 | AY91: 03.773.498.5-621.000 | AZ91: 037734985621000 | BA91: Islam | BB91: SMK | BC91: Teknik Komputer Jaringan | BD91: SMK N 1 Madiun | BE91: 2008 | BF91: SMK | BG91: Teknik Komputer Jaringan | BH91: SMK N 1 Madiun | BI91: 2008 | BL91: M | BM91: 29 | BN91: 40 | BS91: 43467 | BT91: 43830 | BU91: PB-45/XII/IMSS/2019 | BV91: PKWT-642001053/D1/2020 | CD91: #N/A
A92: 82 | B92: #NUM! | C92: ADE SETYA PURNAMA | D92: 642001022 | E92: 1710003988402 | G92: Madiun | H92: Madiun | I92: 42919 | J92: 7 | K92: 6 | L92: PKWT | M92: IMSS | O92: 45657 | Q92: Staf / Pelaksana / Teknisi | R92: STAF | S92: Teknisi | T92: Jakarta | U92: INKA | V92: LRT Jabodebek (Helper Testing) | W92: Wilayah I | X92: Operasi | Z92: - | AA92: Laki-Laki | AB92: Denpasar | AC92: 35922 | AD92: 26 | AE92: 517104070598000 1 | AF92: Jl. Candi Sari No 21 RT 022/006, Patihan, Kec. Manguharjo, Kota Madiun | AG92: 0878 3654 3219 | AH92: 0858 9646 6007 | AJ92: adesetya191@gmail.com | AK92: 0001885927127 | AL92: 17043907710 | AM92: Belum Menikah | AS92: MUHAMMAD CHOIRUL SUMARTONO | AT92: MIMIK HARMINI | AW92: 0 | AX92: TK/0 | AY92: 03.784.200.2-621.000 | AZ92: 03.784.200.2621000 | BA92: Islam | BB92: SMK | BC92: Teknik Listrik | BD92: SMK N 1 Madiun | BE92: 2016 | BF92: SMK | BG92: Teknik Listrik | BH92: SMK N 1 Madiun | BI92: 2016 | BL92: XL | BM92: 36 | BN92: 42 | BO92: 44365 | BP92: 44400 | BS92: 43467 | BT92: 43830 | BU92: PB-53/XII/IMSS/2019 | BV92: PKWT-642109117/D1/2020 | CD92: #N/A
A93: 83 | B93: #NUM! | C93: NANANG ADI SAPUTRA | D93: 642001032 | E93: 1710003988428 | G93: Madiun | H93: Madiun | I93: 42919 | J93: 7 | K93: 6 | L93: PKWT | M93: IMSS | O93: 45657 | Q93: Staf / Pelaksana / Teknisi | R93: STAF | S93: Teknisi | T93: INKA | U93: INKA | V93: Pengendalian Kualitas INKA | W93: Wilayah I | X93: Operasi | Z93: - | AA93: Laki-Laki | AB93: Madiun | AC93: 34318 | AD93: 31 | AE93: 357701151293000 2 | AF93: Desa Sambirejo, Kec. Jiwan Kab. Madiun | AG93: 0896 1517 8173 | AJ93: Nanangaadi@yahoo.co.id | AK93: 0002010804838 | AL93: 12028275217 | AM93: Menikah | AN93: LIA CHANDRA KRESNA SARI | AO93: SALSABILA NUR | AW93: 1 | AX93: K/1 | BA93: Islam | BB93: SMK | BC93: Teknik Listrik | BD93: SMK Gamaliel 1 Madiun | BE93: 2012 | BF93: SMK | BG93: Teknik Listrik | BH93: SMK Gamaliel 1 Madiun | BI93: 2012 | BL93: M | BM93: 30 | BN93: 41 | BO93: 44294 | BP93: 44322 | BS93: 43467 | BT93: 43830 | BU93: PB-42/XII/IMSS/2019 | BV93: PKWT-642201164/D1/2020 | CD93: #N/A
A94: 84 | B94: #NUM! | C94: MUHAMMAD VINANDO WISNUSETIAWAN | D94: 642001026 | E94: 1710003987172 | G94: Madiun | H94: Madiun | I94: 42919 | J94: 7 | K94: 6 | L94: PKWT | M94: IMSS | O94: 45657 | Q94: Staf / Pelaksana / Teknisi | R94: STAF | S94: Teknisi | T94: Klaten | U94: INKA | V94: KRL KfW | W94: Wilayah I | X94: Operasi | Z94: - | AA94: Laki-Laki | AB94: Madiun | AC94: 36114 | AD94: 26 | AE94: 357703151198000 4 | AF94: Jl. Tilam Upih RT25/ RW08 Josenan Taman, Madiun | AG94: 0878 5075 6240 | AH94: 0896 1519 3706 | AJ94: mvinando@gmail.com | AK94: 0002442060606 | AL94: 17043907827 | AM94: Belum Menikah | AS94: SUKIMAN | AT94: SARMI | AW94: 0 | AX94: TK/0 | AY94: 05.457.220.1-621.000 | AZ94: 05.457.220.1-621.000 | BA94: Islam | BB94: SMK | BC94: Teknik Mesin | BD94: SMK N 1 Madiun | BE94: 2017 | BF94: SMK | BG94: Teknik Mesin | BH94: SMK N 1 Madiun | BI94: 2017 | BL94: M | BM94: 29 | BN94: 39 | BS94: 43467 | BT94: 43830 | BU94: PB-49/XII/IMSS/2019 | BV94: PKWT-642201161/D1/2020 | CD94: #N/A
A95: 85 | B95: #NUM! | C95: DIKI ROBINSON | D95: 642001027 | E95: 1710003987198 | G95: Madiun | H95: Ponorogo | I95: 42919 | J95: 7 | K95: 6 | L95: PKWT | M95: IMSS | O95: 45657 | Q95: Staf / Pelaksana / Teknisi | R95: STAF | S95: Teknisi | T95: Solo | U95: Perintis | V95: RB Bathara Kresna | W95: Wilayah II | X95: Operasi | Z95: - | AA95: Laki-Laki | AB95: Ponorogo | AC95: 34925 | AD95: 29 | AE95: 350218140895000 4 | AF95: Jl Kertoyudho RT03/RW1 Desa Panjeng Kec. Jenangan, Ponorogo | AG95: 0898 1945 553 | AJ95: d.robinson1408.dr@gmail.com | AK95: 0001702385886 | AL95: 16003086085 | AM95: Belum Menikah | AW95: 0 | AX95: TK/0 | BA95: Islam | BB95: SMK | BC95: Teknik Otomotif | BD95: SMK PGRI 2 Ponorogo | BE95: 2013 | BF95: SMK | BG95: Teknik Otomotif | BH95: SMK PGRI 2 Ponorogo | BI95: 2013 | BL95: L | BM95: 28 | BN95: 42 | BS95: 43467 | BT95: 43830 | BU95: PB-47/XII/IMSS/2019 | BV95: PKWT-642201163/D1/2020 | CD95: #N/A
A96: 86 | B96: #NUM! | C96: ONGKY YUSFIANTARA PRADANA | D96: 642001024 | E96: 1710003987313 | G96: Madiun | H96: Madiun | I96: 42919 | J96: 7 | K96: 6 | L96: PKWT | M96: IMSS | O96: 45657 | Q96: Staf / Pelaksana / Teknisi | R96: STAF | S96: Teknisi | T96: Jakarta | U96: INKA | V96: LRT Jabodebek (Helper Testing) | W96: Wilayah I | X96: Operasi | Z96: - | AA96: Laki-Laki | AB96: Madiun | AC96: 35299 | AD96: 28 | AE96: 351914220896000 1 | AF96: Desa Sawahan RT08/RW04 Kec Sawahan Kab. Madiun | AG96: 0821 7914 8161 | AH96: 0858 6676 6294 | AJ96: Cimeng.crew@gmail.com | AK96: 0000738588936 | AL96: 17043907835 | AM96: Belum Menikah | AW96: 0 | AX96: TK/0 | BA96: Islam | BB96: SMK | BC96: Teknik Otomotif | BD96: SMK N 1 Jiwan | BE96: 2016 | BF96: SMK | BG96: Teknik Otomotif | BH96: SMK N 1 Jiwan | BI96: 2016 | BL96: XL | BM96: 31 | BN96: 41 | BO96: 44293 | BP96: 44322 | BQ96: 44674 | BS96: 43467 | BT96: 43830 | BU96: PB-51/XII/IMSS/2019 | BV96: PKWT-642001026/D1/2020 | CD96: #N/A
A97: 87 | B97: #NUM! | C97: YUDI HANTORO | D97: 642001031 | E97: 1710003988311 | G97: Madiun | H97: Madiun | I97: 42919 | J97: 7 | K97: 6 | L97: PKWT | M97: IMSS | O97: 45657 | Q97: Staf / Pelaksana / Teknisi | R97: STAF | S97: Teknisi | T97: Jakarta | U97: INKA | V97: LRT Jabodebek (Helper Testing) | W97: Wilayah I | X97: Operasi | Z97: - | AA97: Laki-Laki | AB97: Madiun | AC97: 35295 | AD97: 28 | AE97: 351905180896000 1 | AF97: Desa Randualas RT/RW (06/02) Kec.Kare, Kab. Madiun | AG97: 0821 4011 5970 | AJ97: yudihantoroh@gmailcom | AK97: 0000737099752 | AL97: 18024053284 | AM97: Menikah | AW97: 0 | AX97: K/0 | BA97: Islam | BB97: SMK | BC97: Teknik Otomotif | BD97: SMK N Kare Madiun | BE97: 2016 | BF97: SMK | BG97: Teknik Otomotif | BH97: SMK N Kare Madiun | BI97: 2016 | BL97: M | BM97: 30 | BN97: 43 | BO97: 44293 | BP97: 44322 | BS97: 43467 | BT97: 43830 | BU97: PB-43/XII/IMSS/2019 | BV97: PKWT-642102107/D1/2020 | CD97: #N/A
A98: 91 | B98: #NUM! | C98: AHMAT ZAJULI | D98: 642001021 | E98: 1710003987495 | G98: Madiun | H98: Nganjuk | I98: 43010 | J98: 7 | K98: 3 | L98: PKWT | M98: IMSS | O98: 45657 | Q98: Staf / Pelaksana / Teknisi | R98: STAF | S98: Teknisi | T98: Jakarta | U98: MSA | V98: Vehicle Maintenance LRT Jabodebek (Helper Testing) | W98: Wilayah I | X98: Operasi | Y98: Awak Sarana | Z98: - | AA98: Laki-Laki | AB98: Nganjuk | AC98: 35990 | AD98: 26 | AE98: 351819140798000 2 | AF98: Dsn. Punggur Ds. Jatipungggur Kec. Lengkong Kab. Nganjuk | AG98: 0812 1927 0223 | AJ98: Ahmatzajuli@gmail.com | AK98: 0002161632284 | AL98: 18024053243 | AM98: Belum Menikah | AS98: SUROTO | AT98: PURWATI | AW98: 0 | AX98: TK/0 | AY98: 03.805.135.5-407.000 | AZ98: 03.805.135.5-407.000 | BA98: Islam | BB98: SMK | BC98: Teknik Otomotif | BD98: SMK N 1 Lengkong | BE98: 2017 | BF98: SMK | BG98: Teknik Otomotif | BH98: SMK N 1 Lengkong | BI98: 2017 | BL98: XL | BM98: 31 | BN98: 42 | BQ98: 44674 | BS98: 43467 | BT98: 43830 | BU98: PB-54/XII/IMSS/2019 | BV98: PKWT-642101102/D1/2020 | CD98: #N/A
A99: 92 | B99: #NUM! | C99: MOHAMAD SUKRON | D99: 641801134 | E99: 1710004029354 | G99: Jakarta | H99: Jakarta | I99: 43115 | J99: 7 | K99: 0 | L99: PKWT | M99: IMSS | O99: 45657 | Q99: Staf / Pelaksana / Teknisi | R99: STAF | S99: Teknisi | T99: Jakarta | U99: MSA | V99: KRL Bandara Soekarno Hatta | W99: Wilayah I | X99: Operasi | Y99: Perawat Sarana | Z99: - | AA99: Laki-Laki | AB99: Kuningan | AC99: 35471 | AD99: 27 | AE99: 320808100297000 2 | AF99: Blok Manis RT001/RW002, Kel. Sukaimut, Kec. Garawangi, Kab. Kuningan | AG99: 0812 1887 7786 | AJ99: msukron34@gmail.com | AK99: 0002246935588 | AL99: 17036886087 | AM99: Belum Menikah | AW99: 0 | AX99: TK/0 | AY99: 81.849.071.6-438.000 | AZ99: 81.849.071.6-438.000 | BA99: Islam | BB99: SMK | BC99: Teknik Elektro | BD99: SMK Pertiwi Kuningan | BE99: 2016 | BF99: SMK | BG99: Teknik Elektro | BH99: SMK Pertiwi Kuningan | BI99: 2016 | BL99: M | BM99: 30 | BN99: 40 | CD99: #N/A
A100: 93 | B100: #NUM! | C100: MUHAMAD NURUL IRFAN | D100: 641801133 | E100: 1710003988360 | G100: Jakarta | H100: Jakarta | I100: 43115 | J100: 7 | K100: 0 | L100: PKWT | M100: IMSS | O100: 45657 | Q100: Staf / Pelaksana / Teknisi | R100: STAF | S100: Teknisi | T100: Jakarta | U100: MSA | V100: KRL Bandara Soekarno Hatta | W100: Wilayah I | X100: Operasi | Z100: - | AA100: Laki-Laki | AB100: Tangerang | AC100: 34231 | AD100: 31 | AE100: 367109190993000 4 | AF100: KP Uwung Hilir 003/010, Uwung Jaya, Cibodas | AG100: 0812 8721 8272 | AJ100: Muhammadirfan184@gmail.com | AK100: 0001724165548 | AL100: 18035613365 | AM100: Menikah | AN100: ALIFFIA NEISHA AZZAHRA | AS100: MAMAN SUHERMAN | AT100: SITI YUSROH | AU100: MAMAT RAHMAT | AV100: YAYAT INDRIANI | AW100: 0 | AX100: K/0 | AY100: 85.744.436.8-402.000 | AZ100: 85.744.436.8-402.000 | BA100: Islam | BB100: S1 | BC100: Teknik Elektro | BD100: Sekolah Tinggi Teknik PLN | BE100: 2017 | BF100: S1 | BG100: Teknik Elektro | BH100: Sekolah Tinggi Teknik PLN | BI100: 2017 | BL100: L | BM100: 31 | BN100: 40 | CD100: #N/A
...

Sheet dashboard (EDIT)
A1: Distribusi Pada Status Pegawai | E1: Jenis Kelamin | H1: Kariawan IMSS dan Perbantuan
A2: STATUS PEGAWAI | B2: Jumlah | E2: Jenis Kelamin | F2: Jumlah | H2: Jumlah | I2: Column Labels
A3: PKWT | B3: 344 | E3: Laki-Laki | F3: 392 | H3: Karyawan | I3: Laki-Laki | J3: Perempuan | K3: (blank) | L3: Grand Total
A4: (blank) | E4: Perempuan | F4: 28 | H4: IMSS | I4: 378 | J4: 23 | L4: 401 | R4: Divisi | S4: Sipil | T4: Keuangan | U4: SAR | V4: PPA | W4: PMU | X4: SD, | Y4: LEGAL | Z4: SMK3 | AA4: SPI | AB4: Staf Ahli Direktur Utama | AC4: Teknik dan Logistik | AD4: Wilayah I | AE4: Wilayah II | AF4: Direksi
A5: ORGANIK IMSS | B5: 57 | E5: (blank) | H5: INKA | I5: 14 | J5: 5 | L5: 19 | R5: Jumlah | S5: 6 | T5: 7 | U5: 12 | V5: 52 | W5: 2 | X5: 8 | Y5: 3 | Z5: 2 | AA5: 1 | AB5: 1 | AC5: 26 | AD5: 208 | AE5: 96 | AF5: 3
A6: ORGANIK INKA | B6: 19 | E6: Grand Total | F6: 420 | H6: (blank) | R6: % | S6: 0.014051522 | T6: 0.016393443 | U6: 0.028103044 | V6: 0.12177986 | W6: 0.0046838407 | X6: 0.018735363 | Y6: 0.0070257611 | Z6: 0.0046838407 | AA6: 0.0023419204 | AB6: 0.0023419204 | AC6: 0.06088993 | AD6: 0.48711944 | AE6: 0.22482436 | AF6: 0.0070257611
A7: Grand Total | B7: 420 | H7: Grand Total | I7: 392 | J7: 28 | L7: 420
A8: DISTRIBUSI PEGAWAI PT IMSS PADA TIAP UNIT KERJA | E8: Status Pernikahan | R8: Divisi | S8: Sipil | T8: Keuangan | U8: SAR | V8: PPA | W8: PMU | X8: SD, | Y8: LEGAL | Z8: SMK3 | AA8: SPI | AB8: Staf Ahli Direktur Utama | AC8: Teknik dan Logistik | AD8: Wilayah I | AE8: Wilayah II | AF8: Direksi
A9: Divisi | B9: Jumlah | C9: Count of Divisi | E9: Jumlah | F9: Count of Status Pernikahan | R9: Jumlah | S9: 6 | T9: 7 | U9: 12 | V9: 52 | W9: 2 | X9: 8 | Y9: 3 | Z9: 2 | AA9: 1 | AB9: 1 | AC9: 26 | AD9: 193 | AE9: 96 | AF9: 3
A10: SIPIL | B10: 6 | C10: 0.014285714 | E10: 420 | F10: 420 | R10: % | S10: 0.014563107 | T10: 0.016990291 | U10: 0.029126214 | V10: 0.12621359 | W10: 0.0048543689 | X10: 0.019417476 | Y10: 0.0072815534 | Z10: 0.0048543689 | AA10: 0.0024271845 | AB10: 0.0024271845 | AC10: 0.063106796 | AD10: 0.4684466 | AE10: 0.23300971 | AF10: 0.0072815534
A11: Keuangan | B11: 7 | C11: 0.016666667
A12: SAR | B12: 12 | C12: 0.028571429 | E12: Status Pendidikan | H12: GOLONGAN JABATAN
A13: PPA | B13: 52 | C13: 0.12380952 | E13: Status | F13: Jumlah | H13: Status | I13: Jumlah
A14: PMU | B14: 2 | C14: 0.0047619048 | E14: D2 | F14: 1 | H14: STAF | I14: 394
A15: SDM | B15: 9 | C15: 0.021428571 | E15: D3 | F15: 53 | H15: BOD - 3 | I15: 5
A16: Sekper, Legal dan Tata Kelola | B16: 3 | C16: 0.0071428571 | E16: D4 | F16: 9 | H16: BOD - 2 | I16: 11 | R16: Divisi | S16: SIPIL | T16: Keu | U16: SAR | V16: PPA | W16: PMU | X16: SDM | Y16: LEGAL | Z16: SMK3 | AA16: SPI | AB16: Staf Ahli Direktur Utama | AC16: TEKLOG | AD16: W 1 | AE16: W 2 | AF16: Direksi | AG16: Grand Total
A17: SMK3 | B17: 1 | C17: 0.0023809524 | E17: D4 | F17: 1 | H17: BOD - 1 | I17: 7 | R17: Jumlah | S17: 6 | T17: 7 | U17: 12 | V17: 52 | W17: 2 | X17: 9 | Y17: 3 | Z17: 1 | AA17: 1 | AB17: 1 | AC17: 25 | AD17: 205 | AE17: 95 | AF17: 3 | AG17: 422
A18: SPI | B18: 1 | C18: 0.0023809524 | E18: S1 | F18: 66 | H18: BOD | I18: 3 | R18: % | S18: 0.014218009 | T18: 0.016587678 | U18: 0.028436019 | V18: 0.12322275 | W18: 0.0047393365 | X18: 0.021327014 | Y18: 0.0071090047 | Z18: 0.0023696682 | AA18: 0.0023696682 | AB18: 0.0023696682 | AC18: 0.059241706 | AD18: 0.48578199 | AE18: 0.22511848 | AF18: 0.0071090047
A19: Staf Ahli Direktur Utama | B19: 1 | C19: 0.0023809524 | E19: S2 | F19: 4 | H19: Grand Total | I19: 420
A20: Teknik dan Logistik | B20: 25 | C20: 0.05952381 | E20: SMA | F20: 21
A21: Wilayah I | B21: 203 | C21: 0.48333333 | E21: SMK | F21: 259
A22: Wilayah II | B22: 95 | C22: 0.22619048 | E22: SMK | F22: 1
A23: Direksi | B23: 3 | C23: 0.0071428571 | E23: SMP | F23: 5
A24: (blank) | C24: 0 | E24: (blank)
A25: Grand Total | B25: 420 | C25: 1 | E25: Grand Total | F25: 420
J26: Row Labels | K26: Count of Almamater | N26: GOLONGAN JABATAN
J27: IKIP Budi Utomo Malang | K27: 1 | N27: Status | O27: Count of Usia
A28: Penempatan Karyawan | J28: Institut Teknologi Bandung | K28: 1 | N28: 18 | O28: 1
A29: Count of Domisili | B29: Column Labels | J29: Institut Teknologi Pembangunan Surabaya | K29: 1 | N29: 19 | O29: 2
A30: Status | B30: PKWT | C30: ORGANIK IMSS | D30: ORGANIK INKA | E30: Grand Total | J30: Institut Teknologi Sepuluh Nopember | K30: 6 | N30: 20 | O30: 4
A31: Aceh | B31: 4 | C31: 1 | E31: 5 | J31: MTS N Kota Madiun | K31: 1 | N31: 21 | O31: 8
A32: Bandung | B32: 10 | D32: 1 | E32: 11 | J32: Paket C | K32: 2 | N32: 22 | O32: 10
A33: Banyuwangi | B33: 6 | E33: 6 | J33: PKBM Nurul Karim | K33: 1 | N33: 23 | O33: 29 | V33: 33
A34: Gudang | B34: 3 | C34: 1 | D34: 1 | E34: 5 | J34: Politeknik Negeri Madiun | K34: 24 | N34: 24 | O34: 30 | V34: 18
A35: IMSS | B35: 30 | C35: 26 | D35: 15 | E35: 71 | J35: Politeknik Negeri Madiun | K35: 2 | N35: 25 | O35: 31 | V35: 9
A36: INKA | B36: 65 | C36: 8 | E36: 73 | J36: Politeknik Negeri Malang | K36: 1 | N36: 26 | O36: 46 | V36: 14
A37: Jakarta | B37: 85 | C37: 9 | E37: 94 | J37: Politeknik Perkapalan Negeri Surabaya | K37: 1 | N37: 27 | O37: 34 | V37: 38
A38: Klaten | B38: 36 | C38: 3 | E38: 39 | J38: Politeknik Perkeretaapian Indonesia | K38: 1 | N38: 28 | O38: 22 | V38: 92
A39: Lampung | B39: 4 | E39: 4 | J39: Politeknik Perkeretaapian Indonesia Madiun | K39: 28 | N39: 29 | O39: 20 | V39: 141 | X39: =V33+V39 -> 174
A40: Makassar | B40: 6 | C40: 2 | E40: 8 | J40: Polteknik Negeri Sriwijaya | K40: 1 | N40: 30 | O40: 24 | V40: 82
A41: Medan | B41: 1 | C41: 1 | E41: 2 | J41: Sekolah Tinggi Teknik PLN | K41: 1 | N41: 31 | O41: 25 | V41: =SUM(V33:V40) -> 427
A42: Padang | B42: 4 | C42: 1 | E42: 5 | J42: SMA Arena Siswa II Jakarta | K42: 1 | N42: 32 | O42: 14
A43: Palembang | B43: 32 | C43: 3 | E43: 35 | J43: SMA N 1 Dagangan | K43: 1 | N43: 33 | O43: 14
A44: PMU | C44: 1 | D44: 1 | E44: 2 | J44: SMA N 1 Jiwan | K44: 1 | N44: 34 | O44: 20
A45: Purwodadi | B45: 6 | E45: 6 | J45: SMA N 1 Kauman | K45: 1 | N45: 35 | O45: 11
A46: Solo | B46: 8 | C46: 1 | E46: 9 | J46: SMA N 1 Madiun | K46: 1 | N46: 36 | O46: 11
A47: Surabaya | B47: 11 | D47: 1 | E47: 12 | J47: SMA N 1 Mojokerto | K47: 1 | N47: 37 | O47: 7
A48: Yogyakarta | B48: 1 | E48: 1 | J48: SMA N 1 Muara Batu | K48: 1 | N48: 38 | O48: 7
A49: Grand Total | B49: 312 | C49: 57 | D49: 19 | E49: 388 | J49: SMA N 2 Kesuma Bangsa Muara Batu | K49: 1 | N49: 39 | O49: 6
J50: SMA N 2 Mangunharjo | K50: 1 | N50: 40 | O50: 6
J51: SMA N 4 Madiun | K51: 1 | N51: 41 | O51: 4
J52: SMA N Terbuka Kota Depok | K52: 1 | N52: 42 | O52: 3
J53: SMA Sentosa Bakti Baturaja | K53: 1 | N53: 43 | O53: 3
J54: SMA Taman Bakti Madiun | K54: 1 | N54: 44 | O54: 1
J55: SMK 75 1 Purwokerto | K55: 1 | N55: 45 | O55: 1
J56: SMK Al Akhyar 2 Jakarta Timur | K56: 1 | N56: 46 | O56: 1
J57: SMK Al Basyariyah Pilangkenceng | K57: 1 | N57: 47 | O57: 1
F58: Row Labels | G58: Count of Almamater | J58: SMK Angkasa I | K58: 1 | N58: 48 | O58: 4
F59: IKIP Budi Utomo Malang | G59: 1 | J59: SMK Bakti Ponorogo | K59: 2 | N59: 49 | O59: 2
F60: Institut Teknologi Bandung | G60: 1 | J60: SMK Budi Karya, Natar, Lampung Selatan | K60: 1 | N60: 50 | O60: 3
F61: Institut Teknologi Pembangunan Surabaya | G61: 1 | J61: SMK Bunda Kandung | K61: 1 | N61: 51 | O61: 2
F62: Institut Teknologi Sepuluh Nopember | G62: 6 | J62: SMK Cokroaminoto 2 Madiun | K62: 2 | N62: 52 | O62: 4
F63: PKBM Nurul Karim | G63: 1 | J63: SMK Dinamika Pembangunan 1 Jakarta | K63: 1 | N63: 53 | O63: 3
F64: Politeknik Negeri Madiun | G64: 25 | J64: SMK Gajah Mada Palembang | K64: 1 | N64: 54 | O64: 3
F65: Politeknik Negeri Madiun | G65: 2 | J65: SMK Gamaliel 1 Madiun | K65: 19 | N65: 57 | O65: 2
F66: Politeknik Negeri Malang | G66: 1 | J66: SMK Guna Bhakti 1 Bekasi | K66: 1 | N66: 65 | O66: 1
F67: Politeknik Perkapalan Negeri Surabaya | G67: 1 | J67: SMK Harapan | K67: 1 | N67: Grand Total | O67: 420
F68: Politeknik Perkeretaapian Indonesia | G68: 1 | J68: SMK Harapan Bangsa | K68: 1
F69: Politeknik Perkeretaapian Indonesia Madiun | G69: 29 | J69: SMK Izzata Kota Depok | K69: 1
F70: Polteknik Negeri Sriwijaya | G70: 1 | J70: SMK Karya Guna 1 Bekasi | K70: 1
F71: Sekolah Tinggi Teknik PLN | G71: 1 | J71: SMK Karya Padang Panjang | K71: 5 | M71: USIA
F72: STMIK Bina Patria Magelang | G72: 1 | J72: SMK Karya Pembangunan Jambe | K72: 1 | M72: Status | N72: Count of Usia
F73: UIN Raden Fatah Palembang | G73: 1 | J73: SMK Kimia Mudda Madiun | K73: 1 | M73: <25 | N73: 84
F74: Universitas Andalas | G74: 1 | J74: SMK Leonardo Klaten | K74: 1 | M74: 25-29 | N74: 153
F75: Universitas Brawijaya | G75: 11 | J75: SMK Maarif 1 Wates | K75: 1 | M75: 30-34 | N75: 97
F76: Universitas Diponegoro | G76: 1 | J76: SMK Magetan 1 YKP | K76: 1 | M76: 35-39 | N76: 42
F77: Universitas Gadjah Mada | G77: 8 | J77: SMK Mahardhika Batujajar | K77: 1 | M77: 40-44 | N77: 17
F78: Universitas Islam Asyafiiah | G78: 1 | J78: SMK Mandiri Depok | K78: 1 | M78: 45-49 | N78: 9
F79: Universitas Islam Indonesia | G79: 3 | J79: SMK Miftahul Hikmah | K79: 1 | M79: 50> | N79: 18
F80: Universitas Lampung | G80: 1 | J80: SMK N 1 Purwosari | K80: 1 | M80: Grand Total | N80: 420
F81: Universitas Ma Chung Malang | G81: 1 | J81: SMK N 1 Adiwerna | K81: 1
F82: Universitas Merdeka Madiun | G82: 3 | J82: SMK N 1 Bendo | K82: 10
F83: Universitas Muhammadiyah Palembang | G83: 1 | J83: SMK N 1 Bumijawa | K83: 1
F84: Universitas Muhammadiyah Ponorogo | G84: 1 | J84: SMK N 1 Gantiwarno | K84: 1
F85: Universitas Muhammadiyah Sidoarjo | G85: 1 | J85: SMK N 1 Geger | K85: 1
F86: Universitas Muhammadiyah Surakarta | G86: 2 | J86: SMK N 1 Gelumbang | K86: 1
F87: Universitas Muhammadiyah Tangerang | G87: 4 | J87: SMK N 1 Geneng | K87: 5
F88: Universitas Negeri Jakarta | G88: 1 | J88: SMK N 1 Glagah | K88: 3
F89: Universitas Negeri Malang | G89: 1 | J89: SMK N 1 Jenangan | K89: 3
F90: Universitas Negeri Semarang | G90: 1 | J90: SMK N 1 Jiwan | K90: 5
F91: Universitas Negeri Yogyakarta | G91: 1 | J91: SMK N 1 Kartoharjo Magetan | K91: 1
F92: Universitas Pamulang | G92: 1 | J92: SMK N 1 Kawedanan | K92: 1
... F94: Universitas Sanata Darma | G94: 1 | J94: SMK N 1 Kediri | K94: 3
F95: Universitas Sebelas Maret Surakarta | G95: 4 | J95: SMK N 1 Kertosono | K95: 1 | O95: 17
F96: Universitas Soerjo Ngawi | G96: 4 | J96: SMK N 1 Lahat | K96: 1
F97: Universitas Sriwijaya | G97: 2 | J97: SMK N 1 Lengkong | K97: 1
F98: Universitas Widya Mandala | G98: 1 | J98: SMK N 1 Madiun | K98: 43
F99: Universitas Wisnuwardhana Malang | G99: 1 | J99: SMK N 1 Muara Batu | K99: 1
F100: UPN Veteran Yogyakarta | G100: 1 | J100: SMK N 1 Ngebel | K100: 1 | O100: 9
J101: SMK N 1 Singosari Malang | K101: 1
...

Sheet Sheet2
A3: Row Labels | B3: Count of Status Pegawai
A4: ORGANIK IMSS | B4: 57 | D4: =57/437*100 -> 13.043478
A5: ORGANIK INKA | B5: 19 | D5: =19/437*100 -> 4.3478261
A6: PKWT | B6: 359 | D6: =361/437*100 -> 82.608696
A7: Grand Total | B7: 435 | D7: =SUM(D4:D6) -> 100
A9: Row Labels | B9: Count of Jenis Kelamin
A10: Laki-Laki | B10: 401
A11: Perempuan | B11: 34
A12: Grand Total | B12: 435

Sheet Database
E3: =TODAY() -> 45930 | BT3: Periode Kontrak I | BX3: Periode Kontrak II | CB3: Periode Kontrak III
B4: No | C4: KH hari | D4: Nama | E4: NIP Aktif | F4: Rekening Mandiri | G4: Rekening BSI | H4: Rekrutmen | I4: Domisili | J4: Tgl Masuk/ Mutasi | K4: Masa Kerja (Tahun) | L4: Masa Kerja (Bulan) | M4: Status Pegawai | N4: Karyawan | O4: SK Pengangkatan/ Mutasi/ No Kontrak | P4: Tgl. Pengangkatan/ Akhir Kontrak | Q4: Jabatan INKA | R4: Jabatan IMSS | S4: Column2 | T4: Administrasi/ Teknisi | U4: Kota/Lokasi Kerja | V4: Bagian / Proyek | W4: Departemen / Sub Proyek | X4: Divisi | Y4: Direktorat | Z4: Sertifikat | AA4: Surat Peringatan Terakhir | AB4: Jenis Kelamin | AC4: Tempat Lahir | AD4: Tgl Lahir | AE4: Usia | AF4: No. KTP | AG4: Alamat | AH4: No. HP | AI4: No Whatsapp | AJ4: No Linkaja | AK4: Email | AL4: BPJS Kes | AM4: BPJS TK | AN4: Status Pernikahan | AO4: Suami/Istri | AP4: Anak 1 | AQ4: Anak 2 | AR4: Anak 3 | AS4: Tambahan | AT4: Ayah Kandung | AU4: Ibu Kandung | AV4: Ayah Mertua | AW4: Ibu Mertua | AX4: Jumlah Tanggungan | AY4: Status Pajak | AZ4: Column1 | BA4: NPWP | BB4: Agama | BC4: Pend Diakui | BD4: Jurusan | BE4: Almamater | BF4: Tahun Lulus | BG4: Pend. Terakhir | BH4: Jurusan Terakhir | BI4: Almamater Terakhir | BJ4: Tahun Lulus2 | BK4: MPP | BL4: Pensiun | BM4: Ukuran Baju (Huruf) | BN4: Ukuran Celana (Huruf) | BO4: Ukuran Sepatu (Angka) | BP4: Vaksin I | BQ4: Vaksin II | BR4: Vaksin III | BS4: No Kontrak | BT4: Awal | BU4: Akhir | BV4: PB I | BW4: No Kontrak2 | BX4: Awal2 | BY4: Akhir2 | BZ4: PB II | CA4: No Kontrak3 | CB4: Awal3 | CC4: Akhir3 | CD4: PB III | CE4: Column3
B5: 1 | C5: TETAP | D5: DWI ANNA ANDIK PRASETYO | E5: 971500002 | F5: 1710003919928 | H5: Madiun | I5: Madiun | J5: 41884 | M5: =IF(LEFT(E5,2)="99","ORGANIK INKA",IF(LEFT(E5,2)="97","ORGANIK IMSS",IF(LEFT(E5,2)="75","Capeg",IF(LEFT(E5,2)="64","PKWT","Resign")))) -> ORGANIK IMSS | N5: IMSS | O5: SK-06/D1/IMSS/2016 | P5: 42491 | R5: Kepala Departemen | S5: BOD - 2 | T5: Administrasi | U5: INKA | V5: Pemeliharaan Fasilitas | W5: MRO I | X5: MRO | Y5: Operasi | Z5: Ahli Perawatan Gedung | AB5: Laki-Laki | AC5: Magetan | AD5: 27206 | AE5: =DATEDIF(AD5,$E$3,"y") -> 51 | AF5: 352005270674000 1 | AG5: Jl. Lempuyang No 11 RT 004 RW 001 Kel. Ngegong Kec. Manguharjo Kota Madiun | AH5: +62 813-3490-0827 | AK5: dwiae18@gmail.com | AL5: 0001204471528 | AM5: 13001911588 | AN5: Menikah | AO5: AMALIA ANDINI | AP5: ABIYAZ AHMAD ABIMATA | AX5: =COUNTA(AP5:AS5) -> 1 | AY5: =IF(AN5="Menikah","K","TK")&"/"&AX5 -> K/1 | BA5: 712677376621000 | BB5: Islam | BC5: S1 | BD5: Teknik Sipil | BE5: Universitas Wisnuwardhana Malang | BF5: 2009 | BG5: S1 | BH5: Teknik Sipil | BI5: Universitas Wisnuwardhana Malang | BJ5: 2009 | BK5: 47604 | BL5: 47969 | BO5: 42 | BP5: 44293 | BQ5: 44322 | BR5: 44585 | CE5: =VLOOKUP(D5,[1]Sertifikasi!$B$4:$I$19,8,0) -> #N/A
B6: 2 | C6: =DATEDIF($E$3,P6,"D") -> #NUM! | D6: DENNY SAPTO NUGROHO | E6: 642401160 | G6: 7261353363 | H6: Madiun | I6: Sukoharjo | J6: 45292 | M6: =IF(LEFT(E6,2)="99","ORGANIK INKA",IF(LEFT(E6,2)="97","ORGANIK IMSS",IF(LEFT(E6,2)="75","Capeg",IF(LEFT(E6,2)="64","PKWT","Resign")))) -> PKWT | N6: IMSS | P6: 45657 | R6: Staf / Pelaksana / Teknisi | S6: STAF | T6: Teknisi | U6: Klaten | V6: MSA | W6: KRL KfW | X6: Wilayah I | Y6: Operasi | AB6: Laki-laki | AC6: Sukoharjo | AD6: 36506 | AE6: =DATEDIF(AD6,$E$3,"y") -> 25 | AF6: 331111121298000 3 | AG6: Maron Rt.02/05 Sraten,Gatak, Sukoharjo,Jawa Tengah 57557 | AH6: 0815 4888 0310 | AI6: belum mengembalikan | AK6: dennysapto12@gmail.com | AL6: 0002347045727 | AM6: 24009885336 | AN6: Belum Menikah | AX6: =COUNTA(AP6:AS6) -> 0 | AY6: =IF(AN6="Menikah","K","TK")&"/"&AX6 -> TK/0 | BB6: Islam | BC6: SMK | BD6: Teknik Otomotif | BE6: SMK Harapan | BF6: 2017 | BG6: SMK | BH6: Teknik Otomotif | BI6: SMK Harapan | BJ6: 2017
B7: 3 | C7: TETAP | D7: RIKA KUSUMANING INDRATMOKO | E7: 971500003 | F7: 1710003919779 | G7: 7174445669 | H7: Madiun | I7: Madiun | J7: 42005 | M7: =IF(LEFT(E7,2)="99","ORGANIK INKA",IF(LEFT(E7,2)="97","ORGANIK IMSS",IF(LEFT(E7,2)="75","Capeg",IF(LEFT(E7,2)="64","PKWT","Resign")))) -> ORGANIK IMSS | N7: IMSS | O7: SK-07/D1/IMSS/2016 | P7: 42491 | R7: Kepala Departemen | S7: BOD - 2 | T7: Administrasi | U7: IMSS | V7: Pengelolaan Proyek Wilayah I | W7: Pengelolaan Proyek Wilayah I | X7: Wilayah I | Y7: Operasi | AB7: Perempuan | AC7: Madiun | AD7: 32330 | AE7: =DATEDIF(AD7,$E$3,"y") -> 37 | AF7: 357703460788000 2 | AG7: Jl. Cendana Manis III No. 2 RT 049 RW 002 Kel. Manisrejo Kec. Taman Kota Madiun | AH7: +62 813-5716-5553 | AK7: kusuma.rika88@gmail.com | AL7: 0001703366493 | AM7: 12008405867 | AN7: Menikah | AO7: FAHLIAN JOHANSYAH | AP7: ULFA AZZAHRA JOHANSYAH | AQ7: NAYLA RASHIDA JOHANSYAH | AX7: =COUNTA(AP7:AS7) -> 2 | AY7: =IF(AN7="Menikah","K","TK")&"/"&AX7 -> K/2 | BA7: 702241340621000 | BB7: Islam | BC7: D3 | BD7: Teknik Elektro | BE7: Universitas Gadjah Mada | BF7: 2010 | BG7: D3 | BH7: Teknik Elektro | BI7: Universitas Gadjah Mada | BJ7: 2010 | BK7: 52718 | BL7: 53083 | BP7: 44294 | BQ7: 44322 | BR7: 44585 | CE7: =VLOOKUP(D7,[1]Sertifikasi!$B$4:$I$19,8,0) -> #N/A
B8: 4 | C8: =DATEDIF($E$3,P8,"D") -> #NUM! | D8: IRWAN AHMADI | E8: 642001016 | F8: 1710003988097 | H8: Madiun | I8: Madiun | J8: 42005 | M8: =IF(LEFT(E8,2)="99","ORGANIK INKA",IF(LEFT(E8,2)="97","ORGANIK IMSS",IF(LEFT(E8,2)="75","Capeg",IF(LEFT(E8,2)="64","PKWT","Resign")))) -> PKWT | N8: IMSS | P8: 45657 | R8: Staf / Pelaksana / Teknisi | S8: STAF | T8: Teknisi | U8: INKA | V8: Perawatan AC | W8: MRO I | X8: MRO | Y8: Operasi | AA8: - | AB8: Laki-laki | AC8: Madiun | AD8: 33093 | AE8: =DATEDIF(AD8,$E$3,"y") -> 35 | AF8: 351914080890000 1 | AG8: Kajang 011/002 Kel. Kajang, Kec.Sawahan, Kab. Madiun | AH8: 0857 0882 7309 | AK8: ahmadiirwan770@gmail.com | AL8: 0001865422686 | AM8: 16013068701 | AN8: Menikah | AO8: IRWAN AHMADI | AP8: KEVIN ALDAN ALWAFI | AT8: MARDI | AU8: SUPARTUN | AV8: SUPARLAN | AW8: JUMIATUN | AX8: =COUNTA(AP8:AS8) -> 1 | AY8: =IF(AN8="Menikah","K","TK")&"/"&AX8 -> K/1 | AZ8: 05.517.620.0-621.000 | BA8: 05.517.620.0-621.000 | BB8: Islam | BC8: SMK | BD8: Teknik Mesin | BE8: MTS N Kota Madiun | BF8: 2007 | BG8: SMP | BH8: Teknik Mesin | BI8: MTS N Kota Madiun | BJ8: 2007 | BM8: XL | BN8: 34 | BO8: 42 | BP8: 44308 | BQ8: 44336 | BT8: 43467 | BU8: 43830 | BV8: PB-56/XII/IMSS/2019 | BW8: PKWT-971900032/D1/2020 | CE8: =VLOOKUP(D8,[1]Sertifikasi!$B$4:$I$19,8,0) -> #N/A
B9: 5 | C9: =DATEDIF($E$3,P9,"D") -> #NUM! | D9: AGUS SANTOSO | E9: 642001017 | F9: 1710003988279 | H9: Madiun | I9: Madiun | J9: 42005 | M9: =IF(LEFT(E9,2)="99","ORGANIK INKA",IF(LEFT(E9,2)="97","ORGANIK IMSS",IF(LEFT(E9,2)="75","Capeg",IF(LEFT(E9,2)="64","PKWT","Resign")))) -> PKWT | N9: IMSS | P9: 45657 | R9: Staf / Pelaksana / Teknisi | S9: STAF | T9: Teknisi | U9: Yogyakarta | V9: P48 KRL KfW | W9: KRL KfW | X9: Wilayah I | Y9: Operasi | AA9: - | AB9: Laki-laki | AC9: Madiun | AD9: 26892 | AE9: =DATEDIF(AD9,$E$3,"y") -> 52 | AF9: 357702160873000 1 | AG9: Jl. Singosari III/12 B RT/RW 013/003 Patihan Manguharjo Madiun | AH9: 0819 3172 9473 | AI9: 0812 9277 8518 | AK9: Dekecenk@gmail.com | AL9: 0001865423924 | AM9: 16013068669 | AN9: Menikah | AO9: DIAN ARINDA EKANINGTYAS | AP9: QUINSHA AGUSTINA PUTRI | AX9: =COUNTA(AP9:AS9) -> 1 | AY9: =IF(AN9="Menikah","K","TK")&"/"&AX9 -> K/1 | BB9: Islam | BC9: SMP | BD9: IPS | BE9: SMA SEDERAJAT | BG9: SMP | BM9: M | BN9: 28 | BO9: 40 | BP9: 44308 | BQ9: 44336 | BR9: 44601 | BT9: 43467 | BU9: 43830 | BV9: PB-55/XII/IMSS/2019 | BW9: PKWT-641807168/D1/2020 | CE9: =VLOOKUP(D9,[1]Sertifikasi!$B$4:$I$19,8,0) -> #N/A
B10: 6 | C10: TETAP | D10: ALFIRINA ARDYASTUTIK | E10: 971600004 | F10: 1710003919894 | H10: Madiun | I10: Ngawi | J10: 42065 | M10: =IF(LEFT(E10,2)="99","ORGANIK INKA",IF(LEFT(E10,2)="97","ORGANIK IMSS",IF(LEFT(E10,2)="75","Capeg",IF(LEFT(E10,2)="64","PKWT","Resign")))) -> ORGANIK IMSS | N10: IMSS | O10: SK-11/D1/IMSS/2016 | P10: 42552 | R10: Kepala Departemen | S10: BOD - 2 | T10: Administrasi | U10: IMSS | V10: Sekper, Legal dan Tata Kelola | W10: Sekper, Legal dan Tata Kelola | X10: Sekper, Legal dan Tata Kelola | Y10: Utama | Z10: Pendidikan Khusus Profesi Advokat | AB10: Perempuan | AC10: Magetan | AD10: 33618 | AE10: =DATEDIF(AD10,$E$3,"y") -> 33 | AF10: 352109550192000 2 | AG10: Griya Lawu Indah VI/27 RT 004 RW 016 Kel. Jururejo Kec. Ngawi | AH10: +62 821-4319-6215 | AK10: alfirina92@gmail.com | AL10: 0000105789003 | AM10: 16009192440 | AN10: Belum Menikah | AX10: =COUNTA(AP10:AS10) -> 0 | AY10: =IF(AN10="Menikah","K","TK")&"/"&AX10 -> TK/0 | BA10: 841787989646000 | BB10: Islam | BC10: S2 | BD10: Hukum | BE10: Universitas Sebelas Maret Surakarta | BF10: 2019 | BG10: S2 | BH10: Hukum | BI10: Universitas Sebelas Maret Surakarta | BJ10: 2019 | BK10: 53874 | BL10: 54239 | BP10: 44294 | BQ10: 44322 | BR10: 44585 | CE10: =VLOOKUP(D10,[1]Sertifikasi!$B$4:$I$19,8,0) -> #N/A
B11: 7 | C11: TETAP | D11: IMAM AGUS ASFARORI | E11: 971800022 | F11: 1710003919845 | H11: Madiun | I11: Lamongan | J11: 42072 | M11: =IF(LEFT(E11,2)="99","ORGANIK INKA",IF(LEFT(E11,2)="97","ORGANIK IMSS",IF(LEFT(E11,2)="75","Capeg",IF(LEFT(E11,2)="64","PKWT","Resign")))) -> ORGANIK IMSS | N11: IMSS | O11: SK-10/D1/IMSS/2018 | P11: 43116 | R11: Staf / Pelaksana / Teknisi | S11: STAF | T11: Administrasi | U11: Jakarta | V11: MSA | W11: LRT Jabodebek | X11: Wilayah I | Y11: Operasi | Z11: K3 Umum | AB11: Laki-Laki | AC11: Lamongan | AD11: 33818 | AE11: =DATEDIF(AD11,$E$3,"y") -> 33 | AF11: 517104080893000 2 | AG11: Bantengputih RT 002 RW 002 Kel Bantengputih Kec Karanggeneng Lamongan | AH11: +62 856-0738-0746 | AK11: agusasfaro88@gmail.com | AL11: 0001865428637 | AM11: 16006272369 | AN11: Menikah | AO11: DIAN PRATIWI | AT11: NUR SABILLI ROZAK | AU11: MAHMUDAH | AV11: ISKANDAR TRI ADMOJO | AW11: HESTI JUMIYATI | AX11: =COUNTA(AP11:AS11) -> 0 | AY11: =IF(AN11="Menikah","K","TK")&"/"&AX11 -> K/0 | AZ11: 91.381.866.2-645.000 | BA11: 91.381.866.2-645.000 | BB11: Islam | BC11: S1 | BD11: Teknik Mesin | BE11: Universitas Soerjo Ngawi | BF11: 2017 | BG11: S1 | BH11: Teknik Mesin | BI11: Universitas Soerjo Ngawi | BJ11: 2017 | BK11: 54073 | BL11: 54438 | BO11: 40 | BR11: 44757 | CE11: =VLOOKUP(D11,[1]Sertifikasi!$B$4:$I$19,8,0) -> #N/A
B12: 8 | C12: TETAP | D12: PUPUT WAHYUDHIANTO | E12: 971800026 | F12: 1710003987677 | G12: 2758116070 | H12: Madiun | I12: Magetan | J12: 42095 | M12: =IF(LEFT(E12,2)="99","ORGANIK INKA",IF(LEFT(E12,2)="97","ORGANIK IMSS",IF(LEFT(E12,2)="75","Capeg",IF(LEFT(E12,2)="64","PKWT","Resign")))) -> ORGANIK IMSS | N12: IMSS | O12: SK-001/D1/IMSS/2019 | P12: 43497 | R12: Staf / Leader | S12: STAF | T12: Teknisi | U12: Jakarta | V12: Pengendalian Logistik | W12: Logistik | X12: Teknik dan Logistik | Y12: Operasi | Z12: Perawat Sarana | AA12: - | AB12: Laki-laki | AC12: Magetan | AD12: 32048 | AE12: =DATEDIF(AD12,$E$3,"y") -> 38 | AF12: 352011280987000 2 | AG12: Jl. Duren No 187 RT/RW 07/01 Suratmajan Maospati Magetan | AH12: 0852 1387 6687 | AK12: Puputwahyudhianto@gmail.com | AL12: 0001306579454 | AM12: 12038496688 | AN12: Menikah | AO12: SULIS SETIAWATI | AP12: ACHMAD REYNAND FANDYANTO | AT12: SUGIYANTO | AU12: SRI WAHYUNI | AV12: SUPARMAN | AW12: SULASMI | AX12: =COUNTA(AP12:AS12) -> 1 | AY12: =IF(AN12="Menikah","K","TK")&"/"&AX12 -> K/1 | AZ12: 85.113.700.0-646.000 | BA12: 85.113.700.0-646.000 | BB12: Islam | BC12: SMK | BD12: Teknik Listrik | BE12: SMK Gamaliel 1 Madiun | BF12: 2006 | BG12: SMK | BH12: Teknik Listrik | BI12: SMK Gamaliel 1 Madiun | BJ12: 2006 | BK12: 52263 | BL12: 52628 | BM12: XL | BN12: 32 | BO12: 43 | BR12: 44649 | CE12: =VLOOKUP(D12,[1]Sertifikasi!$B$4:$I$19,8,0) -> #N/A
B13: 9 | C13: TETAP | D13: SADIKUN | E13: 971700006 | F13: 1710004029057 | G13: 2507231480 | H13: Madiun | I13: Magetan | J13: 42095 | M13: =IF(LEFT(E13,2)="99","ORGANIK INKA",IF(LEFT(E13,2)="97","ORGANIK IMSS",IF(LEFT(E13,2)="75","Capeg",IF(LEFT(E13,2)="64","PKWT","Resign")))) -> ORGANIK IMSS | N13: IMSS | O13: SK-002/D1/IMSS/2017 | P13: 42767 | R13: Staf / Leader | S13: STAF | T13: Teknisi | U13: Yogyakarta | V13: P48 KRL KfW | W13: KRL KfW | X13: Wilayah I | Y13: Operasi | Z13: Perawat Sarana | AA13: - | AB13: Laki-laki | AC13: Madiun | AD13: 27630 | AE13: =DATEDIF(AD13,$E$3,"y") -> 50 | AF13: 352015240875000 1 | AG13: Karasan, 017/005 Kartoharjo, Kec Kartoharjo, Kab. Magetan | AH13: 0813 8096 7174 | AK13: Dkwonthox499@gmail.com | AL13: 0001306630721 | AM13: 16006272351 | AN13: Menikah | AO13: SARIYEM | AP13: ARVEL ADISBASTIAN | AQ13: NIA MIAQUROTA | AR13: DIANDRA MIAQURANI | AX13: =COUNTA(AP13:AS13) -> 3 | AY13: =IF(AN13="Menikah","K","TK")&"/"&AX13 -> K/3 | BB13: Islam | BC13: SMK | BD13: Teknik Listrik | BE13: SMK Swasta PGRI Maospati | BF13: 1994 | BG13: SMK | BH13: Teknik Listrik | BI13: SMK Swasta PGRI Maospati | BJ13: 1994 | BK13: 47880 | BL13: 48245 | BM13: L | BN13: 30 | BO13: 41 | BP13: 44293 | BQ13: 44322 | CE13: =VLOOKUP(D13,[1]Sertifikasi!$B$4:$I$19,8,0) -> #N/A
B14: 10 | C14: TETAP | D14: TRI ANANG SUSANTO | E14: 971700007 | F14: 1710004029032 | H14: Madiun | I14: Madiun | J14: 42095 | M14: =IF(LEFT(E14,2)="99","ORGANIK INKA",IF(LEFT(E14,2)="97","ORGANIK IMSS",IF(LEFT(E14,2)="75","Capeg",IF(LEFT(E14,2)="64","PKWT","Resign")))) -> ORGANIK IMSS | N14: IMSS | O14: SK-001/D1/IMSS/2017 | P14: 42767 | R14: Staf / Leader | S14: STAF | T14: Teknisi | U14: Yogyakarta | V14: P48 KRL KfW | W14: KRL KfW | X14: Wilayah I | Y14: Operasi | Z14: Perawat Sarana | AA14: - | AB14: Laki-laki | AC14: Madiun | AD14: 27917 | AE14: =DATEDIF(AD14,$E$3,"y") -> 49 | AF14: 351903060676000 3 | AG14: Jl Kartini, 005/002 Uteran, Geger, Kab. Madiun | AH14: 0813 5921 7004 | AK14: tri220anang@gmail.com | AL14: 0001865422585 | AM14: 16006272260 | AN14: Menikah | AO14: APRIYANTI | AP14: MUHAMMAD ABYAN AL IRSYAD | AQ14: REGITA DWI CAHYANI | AR14: EKY NUR TRIANTI | AX14: =COUNTA(AP14:AS14) -> 3 | AY14: =IF(AN14="Menikah","K","TK")&"/"&AX14 -> K/3 | BB14: Islam | BC14: SMK | BD14: Teknik Mesin | BE14: SMK Swasta 17 Mangunharjo | BF14: 1994 | BG14: SMK | BH14: Teknik Mesin | BI14: SMK Swasta 17 Mangunharjo | BJ14: 1994 | BK14: 47880 | BL14: 48245 | BM14: M | BN14: 33 | BO14: 41 | BP14: 44293 | BQ14: 44322 | BR14: 44601 | CE14: =VLOOKUP(D14,[1]Sertifikasi!$B$4:$I$19,8,0) -> #N/A
B15: 11 | C15: TETAP | D15: JOKO SUTRISNO | E15: 971700005 | F15: 1710003987289 | H15: Madiun | I15: Madiun | J15: 42095 | M15: =IF(LEFT(E15,2)="99","ORGANIK INKA",IF(LEFT(E15,2)="97","ORGANIK IMSS",IF(LEFT(E15,2)="75","Capeg",IF(LEFT(E15,2)="64","PKWT","Resign")))) -> ORGANIK IMSS | N15: IMSS | O15: SK-005/D1/IMSS/2017 | P15: 42767 | R15: Staf / Leader | S15: STAF | T15: Teknisi | U15: Medan | V15: Pengelolaan Aset | W15: SMK3 dan Pengelolaan Aset | X15: SMK3 dan Pengelolaan Aset | Y15: Utama | Z15: Perawat Sarana | AA15: - | AB15: Laki-laki | AC15: Madiun | AD15: 29051 | AE15: =DATEDIF(AD15,$E$3,"y") -> 46 | AF15: 351902150779000 1 | AG15: Jl.Toto Tentrem No 23 RT/RW 013/003 Dolopo, Madiun | AH15: 0853 8259 5912 | AK15: jokosutrisnoloco@gmail.com | AL15: 0001306565908 | AM15: 16006272252 | AN15: Menikah | AO15: NURHAYATI | AP15: RISNA FRIDARIANTI SUEB | AQ15: DIAJENG ARUM RAMDANI | AT15: BINTORO | AU15: SUWARNI | AV15: LANANG KARTONO | AW15: KASIRAH | AX15: =COUNTA(AP15:AS15) -> 2 | AY15: =IF(AN15="Menikah","K","TK")&"/"&AX15 -> K/2 | AZ15: 90.376.836.4-621.000 | BA15: 90.376.836.4-621.000 | BB15: Islam | BC15: SMK | BD15: Teknik Otomotif | BE15: SMK N 1 Madiun | BF15: 1998 | BG15: SMK | BH15: Teknik Otomotif | BI15: SMK N 1 Madiun | BJ15: 1998 | BK15: 49341 | BL15: 49706 | BM15: XL | BN15: 37 | BO15: 41 | BP15: 44293 | BQ15: 44322 | BR15: 44673 | CE15: =VLOOKUP(D15,[1]Sertifikasi!$B$4:$I$19,8,0) -> #N/A
B16: 12 | C16: =DATEDIF($E$3,P16,"D") -> #NUM! | D16: ANIK HARI SAKSONO | E16: 642001013 | F16: 1710003987008 | H16: Madiun | I16: Madiun | J16: 42095 | M16: =IF(LEFT(E16,2)="99","ORGANIK INKA",IF(LEFT(E16,2)="97","ORGANIK IMSS",IF(LEFT(E16,2)="75","Capeg",IF(LEFT(E16,2)="64","PKWT","Resign")))) -> PKWT | N16: IMSS | P16: 45657 | R16: Staf / Pelaksana / Teknisi | S16: STAF | T16: Teknisi | U16: INKA | V16: Pengelolaan dan Pengendalian Aset INKA | W16: MRO I | X16: MRO | Y16: Operasi | Z16: Perawat Sarana | AA16: - | AB16: Laki-laki | AC16: Madiun | AD16: 27574 | AE16: =DATEDIF(AD16,$E$3,"y") -> 50 | AF16: 351907290675000 1 | AG16: Jalan Pojok 2 Anggrek 15 RT/RW 011 / 003 Munggut Wungu Madiun | AH16: 0895 3956 16343 | AK16: angeljhon541@gmail.com | AL16: 0001306561195 | AM16: 16006272385 | AN16: Belum Menikah | AT16: WIJONO | AU16: SUMARMINI | AX16: =COUNTA(AP16:AS16) -> 0 | AY16: =IF(AN16="Menikah","K","TK")&"/"&AX16 -> TK/0 | AZ16: 05.561.608.0-015.000 | BA16: 05.561.608.0-015.000 | BB16: Islam | BC16: SMK | BD16: Teknik Bangunan | BE16: SMK N 1 Madiun | BG16: SMK | BH16: Teknik Bangunan | BI16: SMK N 1 Madiun | BM16: M | BN16: 32 | BO16: 39 | BP16: 44293 | BQ16: 44322 | BT16: 43467 | BU16: 43830 | BV16: PB-59/XII/IMSS/2019 | BW16: PKWT-642201165/D1/2020 | CE16: =VLOOKUP(D16,[1]Sertifikasi!$B$4:$I$19,8,0) -> #N/A
B17: 13 | C17: TETAP | D17: AGUNG DWI PRABOWO | E17: 971900047 | F17: 1710003987651 | G17: 7177540034 | H17: Madiun | I17: Ponorogo | J17: 42095 | M17: =IF(LEFT(E17,2)="99","ORGANIK INKA",IF(LEFT(E17,2)="97","ORGANIK IMSS",IF(LEFT(E17,2)="75","Capeg",IF(LEFT(E17,2)="64","PKWT","Resign")))) -> ORGANIK IMSS | N17: IMSS | O17: SK-18/D1/IMSS/2019 | P17: 43789 | R17: Staf / Pelaksana / Teknisi | S17: STAF | T17: Teknisi | U17: Jakarta | V17: INKA | W17: LRT Jabodebek (Aftersales) | X17: Wilayah I | Y17: Operasi | Z17: Perawat Sarana | AA17: - | AB17: Laki-laki | AC17: Madiun | AD17: 32609 | AE17: =DATEDIF(AD17,$E$3,"y") -> 36 | AF17: 357702110489000 2 | AG17: Jl. Ngebel No 204 Semanding, Jenangan, Ponorogo | AH17: 0812 9095 5982 | AI17: 0812 9095 5982 | AK17: Agungocha552@gmail.com | AL17: 0001306559619 | AM17: 13017429666 | AN17: Menikah | AO17: FITRIN | AP17: OCHA AIRIN NUR NIZZA | AT17: SUGITRI SURYO WIBOWO | AU17: TETI DIANI | AV17: ASRANI ANWAR | AW17: SUPINI | AX17: =COUNTA(AP17:AS17) -> 1 | AY17: =IF(AN17="Menikah","K","TK")&"/"&AX17 -> K/1 | AZ17: 42.843.994.7-647.000 | BA17: 42.843.994.7-647.000 | BB17: Islam | BC17: SMK | BD17: IPA | BE17: Paket C | BF17: 2018 | BG17: SMA | BH17: IPA | BI17: Paket C | BJ17: 2018 | BK17: 52921 | BL17: 53286 | BM17: XL | BN17: 36 | BO17: 42 | BR17: 44650 | CE17: =VLOOKUP(D17,[1]Sertifikasi!$B$4:$I$19,8,0) -> #N/A
B18: 14 | C18: TETAP | D18: NUR CAHYONO | E18: 971900046 | F18: 1440010154794 | H18: Madiun | I18: Madiun | J18: 42095 | M18: =IF(LEFT(E18,2)="99","ORGANIK INKA",IF(LEFT(E18,2)="97","ORGANIK IMSS",IF(LEFT(E18,2)="75","Capeg",IF(LEFT(E18,2)="64","PKWT","Resign")))) -> ORGANIK IMSS | N18: IMSS | O18: SK-18/D1/IMSS/2019 | P18: 43789 | R18: Staf / Pelaksana / Teknisi | S18: STAF | T18: Teknisi | U18: IMSS | V18: Pengelolaan Proyek Wilaya II | W18: Pengelolaan Proyek Wilayah II | X18: Wilayah II | Y18: Operasi | Z18: Perawat Sarana | AA18: - | AB18: Laki-laki | AC18: Magetan | AD18: 32137 | AE18: =DATEDIF(AD18,$E$3,"y") -> 37 | AF18: 352004261287000 1 | AG18: Dsn. Gendut RT 11/RW 03, Desa Metesih, Kec. Jiwan, Kab Madiun | AH18: 0813 7398 3949 | AK18: gaguk.gn@gmail.com | AL18: 0001322273057 | AM18: 16006272146 | AN18: Menikah | AO18: RESTA KUMALA DEWI | AP18: ARUMI KANAHAYA QONITA | AT18: TEKAT | AU18: YAHMI | AV18: WIYONO | AW18: ISMINI | AX18: =COUNTA(AP18:AS18) -> 1 | AY18: =IF(AN18="Menikah","K","TK")&"/"&AX18 -> K/1 | AZ18: 96.215.600.6-429.000 | BA18: 962156006429000 | BB18: Islam | BC18: SMK | BD18: Teknik Listrik | BE18: SMK Taman Siswa 2 Madiun | BF18: 2006 | BG18: SMK | BH18: Teknik Listrik | BI18: SMK Taman Siswa 2 Madiun | BJ18: 2006 | BK18: 52555 | BL18: 52920 | BM18: M | BN18: 28 | BO18: 41 | BP18: 44294 | BQ18: 44322 | BR18: 44632 | CE18: =VLOOKUP(D18,[1]Sertifikasi!$B$4:$I$19,8,0) -> #N/A
B19: 15 | C19: TETAP | D19: DEDY CANDRA KRISTIANTO | E19: 971800023 | F19: 1710003919829 | G19: 4185707720 | H19: Madiun | I19: Madiun | J19: 42096 | M19: =IF(LEFT(E19,2)="99","ORGANIK INKA",IF(LEFT(E19,2)="97","ORGANIK IMSS",IF(LEFT(E19,2)="75","Capeg",IF(LEFT(E19,2)="64","PKWT","Resign")))) -> ORGANIK IMSS | N19: IMSS | O19: SK-10B/D1/IMSS/2018 | P19: 43116 | R19: Staff | S19: STAF | T19: Administrasi | U19: IMSS | V19: MSA | W19: LRT Jabodebek | X19: Wilayah I | Y19: Operasi | AB19: Laki-Laki | AC19: Tuban | AD19: 30982 | AE19: =DATEDIF(AD19,$E$3,"y") -> 40 | AF19: 352302271084000 3 | AG19: Jl. Solo 179/B RT 015 RW 004 Jiwan, Kab Madiun | AH19: +62 812-3151-6349 | AK19: cdedy01@gmai.com | AL19: 0001865429662 | AM19: 16006272021 | AN19: Menikah | AO19: SANTI DIYAN PRATIWI | AP19: ALESHA CANDRA RAMADHANI | AQ19: DHAFITHA CANDRA FARZANA | AX19: =COUNTA(AP19:AS19) -> 2 | AY19: =IF(AN19="Menikah","K","TK")&"/"&AX19 -> K/2 | BA19: 856640420621000 | BB19: Islam | BC19: S1 | BD19: Teknik Informatika | BE19: Universitas Muhammadiyah Sidoarjo | BF19: 2013 | BG19: S1 | BH19: Teknik Informatika | BI19: Universitas Muhammadiyah Sidoarjo | BJ19: 2013 | BK19: 51151 | BL19: 51516 | BO19: 42 | BP19: 44294 | BQ19: 44322 | BR19: 44585 | CE19: =VLOOKUP(D19,[1]Sertifikasi!$B$4:$I$19,8,0) -> #N/A
B20: 16 | C20: TETAP | D20: A'AN TAUFIQ | E20: 971900031 | F20: 1710003987842 | H20: Madiun | I20: Solo | J20: 42125 | M20: =IF(LEFT(E20,2)="99","ORGANIK INKA",IF(LEFT(E20,2)="97","ORGANIK IMSS",IF(LEFT(E20,2)="75","Capeg",IF(LEFT(E20,2)="64","PKWT","Resign")))) -> ORGANIK IMSS | N20: IMSS | O20: SK-04/D1/IMSS/2019 | P20: 43647 | R20: Staf / Leader | S20: STAF | T20: Teknisi | U20: Yogyakarta | V20: P48 KRL KfW | W20: KRL KfW | X20: Wilayah I | Y20: Operasi | Z20: Perawat Sarana | AA20: - | AB20: Laki-laki | AC20: Surakarta | AD20: 32896 | AE20: =DATEDIF(AD20,$E$3,"y") -> 35 | AF20: 337204230190000 2 | AG20: Mojosongo RT/RW 02/32 Jebres, Surakarta | AH20: 0812 3919 4717 | AK20: Enk.kalen@gmail.com | AL20: 0001865421933 | AM20: 16006272138 | AN20: Menikah | AX20: =COUNTA(AP20:AS20) -> 0 | AY20: =IF(AN20="Menikah","K","TK")&"/"&AX20 -> K/0 | BB20: Islam | BC20: SMA | BD20: IPS | BE20: Paket C | BG20: SMA | BH20: IPS | BI20: Paket C | BK20: 53144 | BL20: 53509 | BM20: XL | BN20: 36 | BO20: 41 | BP20: 44436 | BR20: 44701 | CE20: =VLOOKUP(D20,[1]Sertifikasi!$B$4:$I$19,8,0) -> #N/A
B21: 17 | C21: TETAP | D21: JOKO PURNOMO | E21: 971700010 | F21: 1710003988329 | H21: Madiun | I21: Madiun | J21: 42125 | M21: =IF(LEFT(E21,2)="99","ORGANIK INKA",IF(LEFT(E21,2)="97","ORGANIK IMSS",IF(LEFT(E21,2)="75","Capeg",IF(LEFT(E21,2)="64","PKWT","Resign")))) -> ORGANIK IMSS | N21: IMSS | O21: SK-006/D1/IMSS/2017 | P21: 42767 | R21: Staf / Leader | S21: STAF | T21: Teknisi | U21: INKA | V21: Pengelolaan dan Pengendalian Aset INKA | W21: MRO I | X21: MRO | Y21: Operasi | AA21: - | AB21: Laki-laki | AC21: Madiun | AD21: 27211 | AE21: =DATEDIF(AD21,$E$3,"y") -> 51 | AF21: 351909010774000 4 | AG21: Ds Wayut Dusun3 RT26, RW 07 Kec Jiwan, Kab Madiun | AH21: 0852 3537 8914 | AK21: jokopurnomo0102@gmail.com | AL21: 0001789474882 | AM21: 12007010650 | AN21: Menikah | AO21: SRI WINARTI | AP21: SEPTIANA PURWANDARI | AX21: =COUNTA(AP21:AS21) -> 1 | AY21: =IF(AN21="Menikah","K","TK")&"/"&AX21 -> K/1 | BB21: Islam | BC21: SMK | BD21: Teknik Listrik | BE21: SMK N 1 Madiun | BG21: SMK | BH21: Teknik Listrik | BI21: SMK N 1 Madiun | BK21: 47515 | BL21: 47880 | BM21: XL | BN21: 35 | BO21: 42 | BP21: 44294 | BQ21: 44322 | BR21: 44585 | CE21: =VLOOKUP(D21,[1]Sertifikasi!$B$4:$I$19,8,0) -> #N/A
B22: 18 | C22: TETAP | D22: UNGGUL WIDIYANTO | E22: 971700008 | F22: 1710004040955 | H22: Madiun | I22: Solo | J22: 42125 | M22: =IF(LEFT(E22,2)="99","ORGANIK INKA",IF(LEFT(E22,2)="97","ORGANIK IMSS",IF(LEFT(E22,2)="75","Capeg",IF(LEFT(E22,2)="64","PKWT","Resign")))) -> ORGANIK IMSS | N22: IMSS | O22: SK-004/D1/IMSS/2017 | P22: 42767 | R22: Staf / Leader | S22: STAF | T22: Teknisi | U22: Klaten | V22: MSA | W22: KRL KfW | X22: Wilayah I | Y22: Operasi | Z22: Perawat Sarana | AA22: - | AB22: Laki-laki | AC22: Klaten | AD22: 32407 | AE22: =DATEDIF(AD22,$E$3,"y") -> 37 | AF22: 331002210988000 1 | AG22: Jogoprayan 001/001, Jogoprayan, Gantiwarno, Klaten, Jawa Tengah | AH22: 0821 3443 9988 | AK22: unggulwidiyanto88@gmail.com | AL22: 0000088141555 | AM22: 12008405842 | AN22: Menikah | AO22: ROHANI SETYO MANURUN | AP22: VINO ABINAYA ALEXI WIDIYANTO | AX22: =COUNTA(AP22:AS22) -> 1 | AY22: =IF(AN22="Menikah","K","TK")&"/"&AX22 -> K/1 | BA22: 901350165525000 | BB22: Islam | BC22: D3 | BD22: Teknik Mesin | BE22: Universitas Gadjah Mada | BF22: 2011 | BG22: D3 | BH22: Teknik Mesin | BI22: Universitas Gadjah Mada | BJ22: 2011 | BK22: 52628 | BL22: 52993 | BM22: M | BN22: 30 | BO22: 42 | BP22: 44294 | BQ22: 44322 | CE22: =VLOOKUP(D22,[1]Sertifikasi!$B$4:$I$19,8,0) -> #N/A
B23: 19 | C23: TETAP | D23: SUTRISNO | E23: 971900032 | F23: 1710003988055 | H23: Madiun | I23: Mojokerto | J23: 42125 | M23: =IF(LEFT(E23,2)="99","ORGANIK INKA",IF(LEFT(E23,2)="97","ORGANIK IMSS",IF(LEFT(E23,2)="75","Capeg",IF(LEFT(E23,2)="64","PKWT","Resign")))) -> ORGANIK IMSS | N23: IMSS | O23: SK-04/D1/IMSS/2019 | P23: 43647 | R23: Staf / Leader | S23: STAF | T23: Teknisi | U23: Klaten | V23: MSA | W23: KRL KfW | X23: Wilayah I | Y23: Operasi | Z23: Perawat Sarana | AA23: - | AB23: Laki-laki | AC23: Trenggalek | AD23: 34277 | AE23: =DATEDIF(AD23,$E$3,"y") -> 31 | AF23: 350303041193000 2 | AG23: Modongan RT/RW 001/004 Kel Modongan, Kec Sooko, Kab Mojokerto | AH23: 0813 3933 3269 | AK23: Sutrisnob93@gmail.com | AL23: 0001865428964 | AM23: 16006272302 | AN23: Menikah | AO23: SUTRISNO | AP23: ARSYILA AYRA ANNURADHA | AT23: LAMIJAN | AU23: WONI | AV23: MUCHLASIN | AW23: SENIPAH | AX23: =COUNTA(AP23:AS23) -> 1 | AY23: =IF(AN23="Menikah","K","TK")&"/"&AX23 -> K/1 | AZ23: 46.594.546.7-621.000 | BA23: 46.594.546.7-621.000 | BB23: Islam | BC23: SMK | BD23: Teknik Otomotif | BE23: SMK Cokroaminoto 2 Madiun | BF23: 2012 | BG23: S1 | BH23: Teknik Mesin | BI23: Universitas Merdeka Madiun | BJ23: 2012 | BK23: 54605 | BL23: 54970 | BM23: S | BN23: 30 | BO23: 40 | BR23: 44674 | CE23: =VLOOKUP(D23,[1]Sertifikasi!$B$4:$I$19,8,0) -> #N/A
B24: 20 | C24: TETAP | D24: LINGGA BEKTI KURNIANTO | E24: 972400063 | F24: 1710004040864 | H24: Madiun | I24: Madiun | J24: 42125 | M24: ORGANIK IMSS | N24: IMSS | O24: SK-06.6/D1/IMSS/2024 | P24: 45352 | R24: Staf / Pelaksana / Teknisi | S24: STAF | T24: Teknisi | U24: INKA | V24: Perawatan AC | W24: MRO I | X24: MRO | Y24: Operasi | AA24: - | AB24: Laki-laki | AC24: Madiun | AD24: 33417 | AE24: =DATEDIF(AD24,$E$3,"y") -> 34 | AF24: 357702280691000 1 | AG24: Jl. Hayamuruk No 15 Gg Wahyu , Kec Manguharjo, Kel. Manguharjo, Kota Madiun | AH24: 0819 1948 3847 | AK24: kurniantolingga@gmail.com | AL24: 0001789470538 | AM24: 12008406162 | AN24: Menikah | AO24: KARTIKA INDRARATNA | AX24: =COUNTA(AP24:AS24) -> 0 | AY24: =IF(AN24="Menikah","K","TK")&"/"&AX24 -> K/0 | BB24: Islam | BC24: SMA | BD24: IPA | BE24: SMA N 1 Madiun | BG24: SMA | BH24: IPA | BI24: SMA N 1 Madiun | BK24: 49369 | BL24: 49735 | BM24: XXL | BN24: 38 | BO24: 43 | BP24: 44294 | BQ24: 44322 | BR24: 44601 | BT24: 43467 | BU24: 43830 | BV24: PB-2/XII/IMSS/2019 | BW24: PKWT-642201158/D1/2020 | CE24: =VLOOKUP(D24,[1]Sertifikasi!$B$4:$I$19,8,0) -> #N/A
B25: 21 | C25: =DATEDIF($E$3,P25,"D") -> #NUM! | D25: ICHSANNUDIN | E25: 642001004 | F25: 1710004034461 | H25: Madiun | I25: Ngawi | J25: 42125 | M25: =IF(LEFT(E25,2)="99","ORGANIK INKA",IF(LEFT(E25,2)="97","ORGANIK IMSS",IF(LEFT(E25,2)="75","Capeg",IF(LEFT(E25,2)="64","PKWT","Resign")))) -> PKWT | N25: IMSS | P25: 45657 | R25: Staf / Pelaksana / Teknisi | S25: STAF | T25: Teknisi | U25: Jakarta | V25: MSA | W25: LRT Jabodebek | X25: Wilayah I | Y25: Operasi | Z25: Perawat Sarana | AA25: - | AB25: Laki-laki | AC25: Ngawi | AD25: 34621 | AE25: =DATEDIF(AD25,$E$3,"y") -> 30 | AF25: 352116141094000 1 | AG25: Dsn. Porong, Ds. Kalang RT/Rww 01/01, Kec. Pitu, Kab Ngawi | AH25: 0897 7914 034 | AK25: ichsannudin30@gmail.com | AL25: 0001865427276 | AM25: 16006272286 | AN25: Menikah | AO25: DIAJENG ISWARI PRAMUDHITA NURUDDIN | AX25: =COUNTA(AP25:AS25) -> 0 | AY25: =IF(AN25="Menikah","K","TK")&"/"&AX25 -> K/0 | BB25: Islam | BC25: S1 | BD25: Teknik Mesin | BE25: Universitas Soerjo Ngawi | BF25: 2017 | BG25: S1 | BH25: Teknik Mesin | BI25: Universitas Soerjo Ngawi | BJ25: 2017 | BM25: L | BN25: 33 | BO25: 42 | BP25: 44293 | BQ25: 44322 | BT25: 43467 | BU25: 43830 | BV25: PB-5/XII/IMSS/2019 | BW25: PKWT-641907275/D1/2020 | CE25: =VLOOKUP(D25,[1]Sertifikasi!$B$4:$I$19,8,0) -> #N/A
B26: 22 | C26: =DATEDIF($E$3,P26,"D") -> #NUM! | D26: DIDIK HENDRI SETYONO | E26: 642001005 | F26: 1710003987818 | H26: Madiun | I26: Madiun | J26: 42125 | M26: =IF(LEFT(E26,2)="99","ORGANIK INKA",IF(LEFT(E26,2)="97","ORGANIK IMSS",IF(LEFT(E26,2)="75","Capeg",IF(LEFT(E26,2)="64","PKWT","Resign")))) -> PKWT | N26: IMSS | P26: 45657 | R26: Staf / Pelaksana / Teknisi | S26: STAF | T26: Teknisi | U26: Yogyakarta | V26: P48 KRL KfW | W26: KRL KfW | X26: Wilayah I | Y26: Operasi | Z26: Perawat Sarana | AA26: - | AB26: Laki-laki | AC26: Madiun | AD26: 29616 | AE26: =DATEDIF(AD26,$E$3,"y") -> 44 | AF26: 351903300181000 1 | AG26: Ds. Wayut RT 009/RW 003, Kec. Jiwan, Kab. Madiun | AH26: 0812 3096 4544 | AK26: Didikhendri1981@gmail.com | AL26: 0001410818231 | AM26: 16006271981 | AN26: Menikah | AO26: SRI MULYANI | AP26: FARID ESTU HENDRIAWAN | AT26: SLAMET RIFAI (ALMARHUM) | AU26: TUMI (ALMARHUM) | AV26: MUDJIONO | AW26: SULASTRI (ALMARHUM) | AX26: =COUNTA(AP26:AS26) -> 1 | AY26: =IF(AN26="Menikah","K","TK")&"/"&AX26 -> K/1 | AZ26: 50.758.421.7-621-000 | BA26: 50.758.421.7-621-000 | BB26: Islam | BC26: SMK | BD26: Teknik Otomotif | BE26: SMK Taman Siswa 2 Madiun | BF26: 2001 | BG26: SMK | BH26: Teknik Otomotif | BI26: SMK Taman Siswa 2 Madiun | BJ26: 2001 | BM26: M | BN26: 28 | BO26: 39 | BR26: 44711 | BT26: 43467 | BU26: 43830 | BV26: PB-74/XII/IMSS/2019 | BW26: PKWT-971900047/D1/2020 | CE26: =VLOOKUP(D26,[1]Sertifikasi!$B$4:$I$19,8,0) -> #N/A
B27: 23 | C27: =DATEDIF($E$3,P27,"D") -> #NUM! | D27: MOHAMMAD RIDWAN ISMAIL | E27: 642001015 | F27: 1710003987974 | H27: Madiun | I27: Madiun | J27: 42125 | M27: =IF(LEFT(E27,2)="99","ORGANIK INKA",IF(LEFT(E27,2)="97","ORGANIK IMSS",IF(LEFT(E27,2)="75","Capeg",IF(LEFT(E27,2)="64","PKWT","Resign")))) -> PKWT | N27: IMSS | P27: 45657 | R27: Staf / Pelaksana / Teknisi | S27: STAF | T27: Teknisi | U27: INKA | V27: Pengelolaan dan Pengendalian Aset INKA | W27: MRO I | X27: MRO | Y27: Operasi | Z27: Forklift | AA27: - | AB27: Laki-laki | AC27: Madiun | AD27: 34010 | AE27: =DATEDIF(AD27,$E$3,"y") -> 32 | AF27: 357701100293000 1 | AG27: Jl. Sri Sedono RT/RW 06/02 Kanigoro, Kota Madiun | AH27: 0813 7234 2625 | AK27: Iwanaq160@gmail.com | AL27: 0001865424982 | AM27: 16006272005 | AN27: Menikah | AO27: KHOZINATUL PADILAH | AP27: NASYAMA KHANIFA ZAHRA | AX27: =COUNTA(AP27:AS27) -> 1 | AY27: =IF(AN27="Menikah","K","TK")&"/"&AX27 -> K/1 | BB27: Islam | BC27: SMK | BD27: Teknik Otomotif | BE27: SMK YP 17-1 | BF27: 2011 | BG27: SMK | BH27: Teknik Otomotif | BI27: SMK YP 17-1 | BJ27: 2011 | BM27: M | BN27: 29 | BO27: 40 | BP27: 44308 | BQ27: 44336 | BT27: 43467 | BU27: 43830 | BV27: PB-57/XII/IMSS/2019 | BW27: PKWT-642001029/D1/2020 | CE27: =VLOOKUP(D27,[1]Sertifikasi!$B$4:$I$19,8,0) -> #N/A
B28: 24 | C28: =DATEDIF($E$3,P28,"D") -> #NUM! | D28: SIGIT EKO SUSANTO | E28: 642001011 | F28: 1710003988089 | H28: Madiun | I28: Bogor | J28: 42217 | M28: =IF(LEFT(E28,2)="99","ORGANIK INKA",IF(LEFT(E28,2)="97","ORGANIK IMSS",IF(LEFT(E28,2)="75","Capeg",IF(LEFT(E28,2)="64","PKWT","Resign")))) -> PKWT | N28: IMSS | P28: 45657 | R28: Staf / Pelaksana / Teknisi | S28: STAF | T28: Teknisi | U28: IMSS | V28: Gudang | W28: Logistik | X28: Teknik dan Logistik | Y28: Operasi | AA28: - | AB28: Laki-laki | AC28: Madiun | AD28: 27959 | AE28: =DATEDIF(AD28,$E$3,"y") -> 49 | AF28: 320104180776000 3 | AG28: Jembatan Pari RT 004/RW 003 Cijunjung, Sukaraja, Bogor | AH28: 0858 5454 6285 | AK28: sigiteko058@gmail.com | AL28: 0001272155062 | AM28: 16006272096 | AN28: Menikah | AO28: SUWARTI | AP28: NABILA EKA NURAINI | AQ28: KHAIRUNNISA DENY AGUSTIN | AX28: =COUNTA(AP28:AS28) -> 2 | AY28: =IF(AN28="Menikah","K","TK")&"/"&AX28 -> K/2 | BB28: Islam | BC28: SMK | BD28: Teknik Mesin | BE28: SMK PGRI Caruban | BF28: 1995 | BG28: SMK | BH28: Teknik Mesin | BI28: SMK PGRI Caruban | BJ28: 1995 | BM28: M | BN28: 28 | BO28: 40 | BR28: 44601 | BT28: 43467 | BU28: 43830 | BV28: PB-62/XII/IMSS/2019 | BW28: PKWT-642201175/D1/2020 | CE28: =VLOOKUP(D28,[1]Sertifikasi!$B$4:$I$19,8,0) -> #N/A
